{
  "type": "FeatureCollection",
  "features": [
    {
      "type": "Feature",
      "properties": {
        "zone_id": "cfr-anchorage-b",
        "zone_type": "anchorage",
        "authority": "CFR",
        "source_ref": "33 CFR 110.214(b)(2)",
        "name": "Commercial Anchorage B"
      },
      "geometry": {
        "type": "Polygon",
        "coordinates": [
          [
            [
              -118.21666666666667,
              33.743611111111115
            ],
            [
              -118.21005555555556,
              33.736666666666665
            ],
            [
              -118.19358333333334,
              33.72727777777778
            ],
            [
              -118.19644444444445,
              33.72391666666667
            ],
            [
              -118.20630555555556,
              33.72391666666667
            ],
            [
              -118.23138888888889,
              33.71636111111111
            ],
            [
              -118.23711111111112,
              33.72944444444445
            ],
            [
              -118.23055555555555,
              33.73180555555556
            ],
            [
              -118.23083333333334,
              33.739666666666665
            ],
            [
              -118.21666666666667,
              33.743611111111115
            ]
          ]
        ]
      }
    },
    {
      "type": "Feature",
      "properties": {
        "zone_id": "cfr-anchorage-c",
        "zone_type": "anchorage",
        "authority": "CFR",
        "source_ref": "33 CFR 110.214(b)(3)",
        "name": "Commercial Anchorage C"
      },
      "geometry": {
        "type": "Polygon",
        "coordinates": [
          [
            [
              -118.14061111111111,
              33.73888888888889
            ],
            [
              -118.15905555555557,
              33.73986111111111
            ],
            [
              -118.15922222222223,
              33.748
            ],
            [
              -118.14061111111111,
              33.74033333333333
            ],
            [
              -118.14061111111111,
              33.73888888888889
            ]
          ]
        ]
      }
    },
    {
      "type": "Feature",
      "properties": {
        "zone_id": "cfr-anchorage-d",
        "zone_type": "anchorage",
        "authority": "CFR",
        "source_ref": "33 CFR 110.214(b)(4)",
        "name": "Commercial Anchorage D"
      },
      "geometry": {
        "type": "Polygon",
        "coordinates": [
          [
            [
              -118.13683333333334,
              33.724222222222224
            ],
            [
              -118.17958333333334,
              33.724222222222224
            ],
            [
              -118.17958333333334,
              33.73083333333334
            ],
            [
              -118.17422222222223,
              33.73847222222222
            ],
            [
              -118.13683333333334,
              33.73847222222222
            ],
            [
              -118.13683333333334,
              33.724222222222224
            ]
          ]
        ]
      }
    },
    {
      "type": "Feature",
      "properties": {
        "zone_id": "cfr-anchorage-e",
        "zone_type": "anchorage",
        "authority": "CFR",
        "source_ref": "33 CFR 110.214(b)(5)",
        "name": "Commercial Anchorage E"
      },
      "geometry": {
        "type": "Polygon",
        "coordinates": [
          [
            [
              -118.16347222222223,
              33.743611111111115
            ],
            [
              -118.16577777777778,
              33.73847222222222
            ],
            [
              -118.17422222222223,
              33.73847222222222
            ],
            [
              -118.17805555555556,
              33.741
            ],
            [
              -118.18261111111111,
              33.74138888888889
            ],
            [
              -118.18597222222223,
              33.751777777777775
            ],
            [
              -118.17947222222223,
              33.754222222222225
            ],
            [
              -118.17555555555556,
              33.753055555555555
            ],
            [
              -118.17555555555556,
              33.74777777777778
            ],
            [
              -118.16347222222223,
              33.743611111111115
            ]
          ]
        ]
      }
    },
    {
      "type": "Feature",
      "properties": {
        "zone_id": "cfr-anchorage-f",
        "zone_type": "anchorage",
        "authority": "CFR",
        "source_ref": "33 CFR 110.214(b)(6)",
        "name": "Commercial Anchorage F"
      },
      "geometry": {
        "type": "Polygon",
        "coordinates": [
          [
            [
              -118.13444444444445,
              33.71808333333333
            ],
            [
              -118.17569444444445,
              33.71805555555556
            ],
            [
              -118.16522222222223,
              33.703694444444444
            ],
            [
              -118.15894444444444,
              33.68091666666666
            ],
            [
              -118.12883333333333,
              33.643388888888886
            ],
            [
              -118.11427777777777,
              33.678999999999995
            ],
            [
              -118.13444444444445,
              33.71808333333333
            ]
          ]
        ]
      }
    },
    {
      "type": "Feature",
      "properties": {
        "zone_id": "cfr-anchorage-g",
        "zone_type": "anchorage",
        "authority": "CFR",
        "source_ref": "33 CFR 110.214(b)(7)",
        "name": "Commercial Anchorage G"
      },
      "geometry": {
        "type": "Polygon",
        "coordinates": [
          [
            [
              -118.18830555555556,
              33.71816666666667
            ],
            [
              -118.20516666666667,
              33.71816666666667
            ],
            [
              -118.23866666666667,
              33.70716666666667
            ],
            [
              -118.217,
              33.68066666666667
            ],
            [
              -118.20527777777778,
              33.68413888888889
            ],
            [
              -118.19333333333334,
              33.703
            ],
            [
              -118.18830555555556,
              33.71816666666667
            ]
          ]
        ]
      }
    },
    {
      "type": "Feature",
      "properties": {
        "zone_id": "cfr-anchorage-explosives",
        "zone_type": "anchorage",
        "authority": "CFR",
        "source_ref": "33 CFR 110.214(d)",
        "name": "Explosives Anchorage"
      },
      "geometry": {
        "type": "Polygon",
        "coordinates": [
          [
            [
              -118.13264006190758,
              33.72711861867184
            ],
            [
              -118.13265260229826,
              33.72634629984193
            ],
            [
              -118.13271048016374,
              33.72557542536091
            ],
            [
              -118.13281355485874,
              33.72480785229517
            ],
            [
              -118.13296157687289,
              33.72404542970879
            ],
            [
              -118.13315418844306,
              33.723289994209786
            ],
            [
              -118.13339092442676,
              33.72254336552687
            ],
            [
              -118.1336712134333,
              33.72180734212735
            ],
            [
              -118.13399437921072,
              33.72108369688662
            ],
            [
              -118.13435964228464,
              33.720374172819774
            ],
            [
              -118.13476612184519,
              33.719680478885444
            ],
            [
              -118.13521283787716,
              33.71900428587227
            ],
            [
              -118.13569871352833,
              33.71834722237731
            ],
            [
              -118.13622257771026,
              33.71771087088668
            ],
            [
              -118.1367831679249,
              33.71709676396737
            ],
            [
              -118.13737913331066,
              33.71650638057964
            ],
            [
              -118.13800903790002,
              33.71594114251858
            ],
            [
              -118.13867136408112,
              33.71540241099365
            ],
            [
              -118.13936451625507,
              33.71489148335424
            ],
            [
              -118.1400868246797,
              33.714409589968945
            ],
            [
              -118.14083654949097,
              33.71395789126648
            ],
            [
              -118.14161188489226,
              33.71353747494475
            ],
            [
              -118.14241096350102,
              33.71314935335516
            ],
            [
              -118.14323186084316,
              33.71279446106831
            ],
            [
              -118.14407259998363,
              33.712473652626855
            ],
            [
              -118.14493115628252,
              33.7121877004908
            ],
            [
              -118.14580546226509,
              33.71193729318054
            ],
            [
              -118.14669341259429,
              33.7117230336215
            ],
            [
              -118.14759286913353,
              33.71154543769493
            ],
            [
              -118.14850166608805,
              33.71140493299773
            ],
            [
              -118.1494176152119,
              33.71130185781482
            ],
            [
              -118.15033851106908,
              33.711236460306075
            ],
            [
              -118.15126213633522,
              33.711208897910005
            ],
            [
              -118.15218626712786,
              33.711219236965576
            ],
            [
              -118.15310867835245,
              33.71126745255292
            ],
            [
              -118.15402714905089,
              33.71135342855351
            ],
            [
              -118.15493946774048,
              33.71147695792955
            ],
            [
              -118.1558434377301,
              33.71163774322191
            ],
            [
              -118.15673688240098,
              33.71183539726549
            ],
            [
              -118.15761765043959,
              33.71206944412011
            ],
            [
              -118.15848362100995,
              33.71233932021502
            ],
            [
              -118.15933270885334,
              33.712644375703924
            ],
            [
              -118.1601628693026,
              33.71298387602761
            ],
            [
              -118.16097210319982,
              33.713357003680215
            ],
            [
              -118.16175846170498,
              33.71376286017502
            ],
            [
              -118.16252005098438,
              33.71420046820503
            ],
            [
              -118.1632550367676,
              33.714668773993196
            ],
            [
              -118.16396164876177,
              33.71516664982665
            ],
            [
              -118.16463818491317,
              33.71569289676888
            ],
            [
              -118.16528301550521,
              33.71624624754332
            ],
            [
              -118.16589458708343,
              33.716825369581606
            ],
            [
              -118.16647142619793,
              33.71742886822897
            ],
            [
              -118.16701214295419,
              33.71805529009928
            ],
            [
              -118.16751543436378,
              33.71870312657159
            ],
            [
              -118.16798008748655,
              33.71937081741992
            ],
            [
              -118.16840498235757,
              33.72005675456743
            ],
            [
              -118.16878909469035,
              33.720759285956106
            ],
            [
              -118.16913149835126,
              33.721476719522634
            ],
            [
              -118.16943136759784,
              33.72220732727087
            ],
            [
              -118.16968797907664,
              33.72294934943129
            ],
            [
              -118.16990071357463,
              33.72370099869717
            ],
            [
              -118.17006905752093,
              33.724460464527674
            ],
            [
              -118.17019260423424,
              33.72522591750712
            ],
            [
              -118.1702710549134,
              33.7259955137503
            ],
            [
              -118.17030421936859,
              33.72676739934299
            ],
            [
              -118.17029201649086,
              33.72753971480712
            ],
            [
              -118.17023447445933,
              33.728310599579856
            ],
            [
              -118.17013173068494,
              33.72907819649569
            ],
            [
              -118.16998403149123,
              33.72984065626086
            ],
            [
              -118.16979173153224,
              33.7305961419093
            ],
            [
              -118.1695552929496,
              33.731342833229334
            ],
            [
              -118.1692752842698,
              33.732078931150404
            ],
            [
              -118.16895237904515,
              33.73280266207946
            ],
            [
              -118.16858735424073,
              33.73351228217618
            ],
            [
              -118.16818108837172,
              33.73420608155708
            ],
            [
              -118.16773455939543,
              33.73488238841805
            ],
            [
              -118.16724884236257,
              33.73553957306561
            ],
            [
              -118.16672510683405,
              33.73617605184687
            ],
            [
              -118.16616461406885,
              33.736790290968926
            ],
            [
              -118.16556871399014,
              33.73738081019838
            ],
            [
              -118.16493884193645,
              33.73794618643195
            ],
            [
              -118.16427651520631,
              33.738485057129395
            ],
            [
              -118.16358332940392,
              33.73899612360111
            ],
            [
              -118.16286095459529,
              33.7394781541414
            ],
            [
              -118.16211113128377,
              33.73992998700073
            ],
            [
              -118.1613356662146,
              33.74035053318916
            ],
            [
              -118.16053642801909,
              33.74073877910459
            ],
            [
              -118.15971534270825,
              33.7410937889791
            ],
            [
              -118.15887438902739,
              33.74141470713764
            ],
            [
              -118.15801559368253,
              33.74170076006351
            ],
            [
              -118.15714102645056,
              33.74195125826571
            ],
            [
              -118.15625279518449,
              33.74216559794341
            ],
            [
              -118.1553530407265,
              33.74234326244383
            ],
            [
              -118.15444393174049,
              33.742483823509644
            ],
            [
              -118.1535276594774,
              33.742586942313075
            ],
            [
              -118.15260643248531,
              33.74265237027415
            ],
            [
              -118.15168247127755,
              33.7426799496611
            ],
            [
              -118.15075800297186,
              33.7426696139713
            ],
            [
              -118.14983525591327,
              33.74262138809226
            ],
            [
              -118.14891645429414,
              33.742535388241556
            ],
            [
              -118.1480038127841,
              33.74241182168672
            ],
            [
              -118.14709953118323,
              33.7422509862449
            ],
            [
              -118.14620578911125,
              33.74205326956419
            ],
            [
              -118.14532474074588,
              33.74181914818798
            ],
            [
              -118.14445850962274,
              33.74154918640474
            ],
            [
              -118.1436091835099,
              33.741244034885945
            ],
            [
              -118.14277880936908,
              33.74090442911566
            ],
            [
              -118.14196938841621,
              33.74053118761524
            ],
            [
              -118.14118287129277,
              33.74012520996783
            ],
            [
              -118.14042115336,
              33.73968747464718
            ],
            [
              -118.1396860701274,
              33.73921903665623
            ],
            [
              -118.13897939282626,
              33.73872102498103
            ],
            [
              -118.13830282413923,
              33.73819463986633
            ],
            [
              -118.13765799409632,
              33.73764114991934
            ],
            [
              -118.1370464561466,
              33.73706188904877
            ],
            [
              -118.13646968341615,
              33.73645825324641
            ],
            [
              -118.13592906516017,
              33.73583169721926
            ],
            [
              -118.13542590341855,
              33.73518373088027
            ],
            [
              -118.13496140988251,
              33.73451591570612
            ],
            [
              -118.13453670298021,
              33.73382986097094
            ],
            [
              -118.13415280518784,
              33.73312721986521
            ],
            [
              -118.13381064057293,
              33.73240968550888
            ],
            [
              -118.13351103257573,
              33.73167898686875
            ],
            [
              -118.13325470203378,
              33.73093688458968
            ],
            [
              -118.13304226545446,
              33.73018516674996
            ],
            [
              -118.13287423353962,
              33.72942564455087
            ],
            [
              -118.13275100996549,
              33.728660147950905
            ],
            [
              -118.13267289042118,
              33.72789052125541
            ],
            [
              -118.13264006190758,
              33.72711861867184
            ]
          ]
        ]
      }
    },
    {
      "type": "Feature",
      "properties": {
        "zone_id": "cfr-anchorage-b-7",
        "zone_type": "anchorage",
        "authority": "CFR",
        "source_ref": "33 CFR 110.214(a)(2)(i)(A)",
        "name": "Sub-Anchorage B-7"
      },
      "geometry": {
        "type": "Polygon",
        "coordinates": [
          [
            [
              -118.20886473400432,
              33.731154669031824
            ],
            [
              -118.20886752985855,
              33.730972554054816
            ],
            [
              -118.20888101727202,
              33.7307907730612
            ],
            [
              -118.20890516368495,
              33.73060976397532
            ],
            [
              -118.20893991086,
              33.73042996285926
            ],
            [
              -118.20898517502333,
              33.73025180286228
            ],
            [
              -118.209040847067,
              33.730075713177435
            ],
            [
              -118.2091067928123,
              33.72990211800771
            ],
            [
              -118.20918285333389,
              33.729731435544196
            ],
            [
              -118.20926884534279,
              33.72956407695879
            ],
            [
              -118.20936456162885,
              33.72940044541374
            ],
            [
              -118.20946977156004,
              33.7292409350907
            ],
            [
              -118.20958422163876,
              33.729085930241176
            ],
            [
              -118.20970763611281,
              33.72893580426115
            ],
            [
              -118.20983971763985,
              33.72879091879177
            ],
            [
              -118.20998014800423,
              33.72865162284829
            ],
            [
              -118.21012858888363,
              33.72851825197957
            ],
            [
              -118.21028468266431,
              33.72839112746001
            ],
            [
              -118.21044805330257,
              33.728270555515756
            ],
            [
              -118.21061830723087,
              33.72815682658729
            ],
            [
              -118.21079503430573,
              33.72805021463002
            ],
            [
              -118.21097780879576,
              33.72795097645451
            ],
            [
              -118.21116619040711,
              33.72785935110812
            ],
            [
              -118.2113597253439,
              33.72777555929932
            ],
            [
              -118.21155794740106,
              33.727699802866226
            ],
            [
              -118.21176037908725,
              33.72763226429067
            ],
            [
              -118.2119665327747,
              33.72757310625863
            ],
            [
              -118.21217591187347,
              33.7275224712687
            ],
            [
              -118.21238801202726,
              33.727480481288836
            ],
            [
              -118.21260232232798,
              33.72744723746267
            ],
            [
              -118.21281832654591,
              33.72742281986613
            ],
            [
              -118.21303550437284,
              33.72740728731443
            ],
            [
              -118.21325333267474,
              33.72740067722066
            ],
            [
              -118.21347128675161,
              33.72740300550559
            ],
            [
              -118.2136888416008,
              33.72741426655938
            ],
            [
              -118.21390547318099,
              33.72743443325512
            ],
            [
              -118.21412065967425,
              33.727463457014196
            ],
            [
              -118.2143338827423,
              33.72750126792312
            ],
            [
              -118.21454462877475,
              33.72754777490212
            ],
            [
              -118.21475239012572,
              33.72760286592427
            ],
            [
              -118.21495666633633,
              33.7276664082853
            ],
            [
              -118.21515696533973,
              33.72773824892329
            ],
            [
              -118.21535280464597,
              33.72781821478699
            ],
            [
              -118.21554371250413,
              33.72790611325276
            ],
            [
              -118.21572922903812,
              33.72800173258826
            ],
            [
              -118.21590890735436,
              33.72810484246244
            ],
            [
              -118.2160823146181,
              33.72821519450008
            ],
            [
              -118.21624903309574,
              33.72833252287995
            ],
            [
              -118.21640866116118,
              33.72845654497498
            ],
            [
              -118.21656081426315,
              33.72858696203281
            ],
            [
              -118.21670512585158,
              33.72872345989524
            ],
            [
              -118.2168412482606,
              33.728865709754885
            ],
            [
              -118.21696885354629,
              33.72901336894691
            ],
            [
              -118.21708763427675,
              33.72916608177438
            ],
            [
              -118.21719730427291,
              33.729323480364805
            ],
            [
              -118.21729759929828,
              33.72948518555624
            ],
            [
              -118.21738827769576,
              33.729650807810394
            ],
            [
              -118.21746912097022,
              33.72981994815083
            ],
            [
              -118.21753993431525,
              33.729992199124005
            ],
            [
              -118.217600547083,
              33.73016714578055
            ],
            [
              -118.21765081319565,
              33.73034436667484
            ],
            [
              -118.21769061149797,
              33.73052343488009
            ],
            [
              -118.21771984604985,
              33.73070391901676
            ],
            [
              -118.21773844635784,
              33.7308853842916
            ],
            [
              -118.21774636754566,
              33.731067393545096
            ],
            [
              -118.21774359046306,
              33.73124950830457
            ],
            [
              -118.2177301217325,
              33.73143128984038
            ],
            [
              -118.21770599373389,
              33.73161230022296
            ],
            [
              -118.21767126452717,
              33.73179210337776
            ],
            [
              -118.21762601771314,
              33.73197026613585
            ],
            [
              -118.21757036223272,
              33.73214635927763
            ],
            [
              -118.217504432105,
              33.73231995856678
            ],
            [
              -118.21742838610503,
              33.73249064577254
            ],
            [
              -118.21734240738184,
              33.73265800967738
            ],
            [
              -118.21724670301772,
              33.73282164706779
            ],
            [
              -118.21714150352979,
              33.73298116370584
            ],
            [
              -118.21702706231513,
              33.733136175279185
            ],
            [
              -118.21690365504062,
              33.73328630832709
            ],
            [
              -118.21677157897918,
              33.73343120114038
            ],
            [
              -118.21663115229386,
              33.73357050463304
            ],
            [
              -118.2164827132715,
              33.73370388318349
            ],
            [
              -118.21632661950808,
              33.73383101544339
            ],
            [
              -118.216163247047,
              33.733951595112046
            ],
            [
              -118.21599298947346,
              33.73406533167455
            ],
            [
              -118.21581625696597,
              33.73417195110202
            ],
            [
              -118.21563347530825,
              33.73427119651192
            ],
            [
              -118.2154450848632,
              33.73436282878724
            ],
            [
              -118.21525153951181,
              33.73444662715275
            ],
            [
              -118.21505330555938,
              33.7345223897072
            ],
            [
              -118.2148508606118,
              33.734589933909845
            ],
            [
              -118.21464469242461,
              33.73464909702045
            ],
            [
              -118.21443529772738,
              33.73469973649156
            ],
            [
              -118.2142231810266,
              33.73474173031206
            ],
            [
              -118.21400885338976,
              33.73477497730129
            ],
            [
              -118.21379283121347,
              33.734799397352916
            ],
            [
              -118.21357563497901,
              33.73481493162804
            ],
            [
              -118.21335778799755,
              33.734821542696984
            ],
            [
              -118.21313981514903,
              33.7348192146296
            ],
            [
              -118.21292224161695,
              33.73480795303361
            ],
            [
              -118.21270559162244,
              33.73478778504114
            ],
            [
              -118.21249038716086,
              33.73475875924336
            ],
            [
              -118.21227714674349,
              33.73472094557331
            ],
            [
              -118.2120663841478,
              33.73467443513739
            ],
            [
              -118.21185860717922,
              33.734619339995824
            ],
            [
              -118.21165431644702,
              33.73455579289252
            ],
            [
              -118.2114540041579,
              33.73448394693512
            ],
            [
              -118.21125815292973,
              33.73440397522606
            ],
            [
              -118.21106723462832,
              33.73431607044529
            ],
            [
              -118.21088170923024,
              33.734220444385954
            ],
            [
              -118.21070202371448,
              33.73411732744389
            ],
            [
              -118.21052861098514,
              33.73400696806236
            ],
            [
              -118.21036188882844,
              33.73388963213329
            ],
            [
              -118.21020225890591,
              33.73376560235652
            ],
            [
              -118.21005010578672,
              33.73363517755837
            ],
            [
              -118.20990579602112,
              33.73349867197153
            ],
            [
              -118.20976967725734,
              33.73335641447783
            ],
            [
              -118.20964207740428,
              33.733208747815624
            ],
            [
              -118.2095233038415,
              33.733056027753754
            ],
            [
              -118.20941364267902,
              33.732898622234416
            ],
            [
              -118.2093133580683,
              33.73273691048625
            ],
            [
              -118.2092226915661,
              33.73257128211073
            ],
            [
              -118.209141861553,
              33.73240213614323
            ],
            [
              -118.20907106270768,
              33.73222988009148
            ],
            [
              -118.20901046553843,
              33.73205492895376
            ],
            [
              -118.20896021597278,
              33.73187770421883
            ],
            [
              -118.20892043500656,
              33.7316986328505
            ],
            [
              -118.208891218413,
              33.73151814625877
            ],
            [
              -118.20887263651262,
              33.73133667926053
            ],
            [
              -118.20886473400432,
              33.731154669031824
            ]
          ]
        ]
      }
    },
    {
      "type": "Feature",
      "properties": {
        "zone_id": "cfr-anchorage-b-9",
        "zone_type": "anchorage",
        "authority": "CFR",
        "source_ref": "33 CFR 110.214(a)(2)(i)(A)",
        "name": "Sub-Anchorage B-9"
      },
      "geometry": {
        "type": "Polygon",
        "coordinates": [
          [
            [
              -118.21464947162067,
              33.724631963764935
            ],
            [
              -118.2146525647909,
              33.724429613741094
            ],
            [
              -118.21466753657343,
              33.72422763427241
            ],
            [
              -118.2146943508167,
              33.724026511942675
            ],
            [
              -118.21473294284078,
              33.72382673126745
            ],
            [
              -118.21478321959405,
              33.72362877352678
            ],
            [
              -118.21484505987812,
              33.7234331156059
            ],
            [
              -118.2149183146405,
              33.72324022884651
            ],
            [
              -118.21500280733446,
              33.72305057791131
            ],
            [
              -118.21509833434497,
              33.72286461966492
            ],
            [
              -118.21520466547994,
              33.72268280207332
            ],
            [
              -118.21532154452521,
              33.72250556312498
            ],
            [
              -118.21544868986237,
              33.722333329775914
            ],
            [
              -118.21558579514773,
              33.72216651692139
            ],
            [
              -118.2157325300505,
              33.722005526396686
            ],
            [
              -118.21588854104913,
              33.72185074600936
            ],
            [
              -118.216053452283,
              33.72170254860531
            ],
            [
              -118.21622686645833,
              33.7215612911708
            ],
            [
              -118.21640836580501,
              33.72142731397288
            ],
            [
              -118.21659751308337,
              33.72130093973997
            ],
            [
              -118.2167938526373,
              33.721182472884614
            ],
            [
              -118.21699691149173,
              33.72107219877058
            ],
            [
              -118.21720620049211,
              33.720970383025616
            ],
            [
              -118.2174212154822,
              33.7208772709019
            ],
            [
              -118.21764143851848,
              33.72079308668549
            ],
            [
              -118.21786633911731,
              33.72071803315624
            ],
            [
              -118.21809537553257,
              33.7206522910996
            ],
            [
              -118.21832799606004,
              33.72059601887131
            ],
            [
              -118.21856364036596,
              33.720549352016114
            ],
            [
              -118.21880174083628,
              33.720512402941445
            ],
            [
              -118.21904172394335,
              33.72048526064677
            ],
            [
              -118.21928301162683,
              33.72046799050926
            ],
            [
              -118.21952502268557,
              33.72046063412654
            ],
            [
              -118.21976717417694,
              33.720463209216405
            ],
            [
              -118.22000888282044,
              33.72047570957423
            ],
            [
              -118.22024956640195,
              33.720498105088
            ],
            [
              -118.22048864517576,
              33.72053034181071
            ],
            [
              -118.22072554326019,
              33.72057234209032
            ],
            [
              -118.22095969002429,
              33.72062400475677
            ],
            [
              -118.2211905214618,
              33.72068520536557
            ],
            [
              -118.22141748154921,
              33.72075579649743
            ],
            [
              -118.22164002358444,
              33.720835608113234
            ],
            [
              -118.22185761150351,
              33.7209244479635
            ],
            [
              -118.22206972117117,
              33.72102210205127
            ],
            [
              -118.2222758416432,
              33.721128335147434
            ],
            [
              -118.22247547639688,
              33.72124289135711
            ],
            [
              -118.22266814452668,
              33.7213654947358
            ],
            [
              -118.2228533819026,
              33.721495849953996
            ],
            [
              -118.223030742288,
              33.72163364300814
            ],
            [
              -118.2231997984145,
              33.72177854197695
            ],
            [
              -118.22336014301115,
              33.72193019782061
            ],
            [
              -118.22351138978577,
              33.7220882452213
            ],
            [
              -118.22365317435538,
              33.72225230346305
            ],
            [
              -118.22378515512436,
              33.722421977348446
            ],
            [
              -118.22390701410762,
              33.722596858150474
            ],
            [
              -118.22401845769681,
              33.72277652459689
            ],
            [
              -118.22411921736827,
              33.72296054388469
            ],
            [
              -118.22420905033009,
              33.72314847272257
            ],
            [
              -118.22428774010775,
              33.72333985839864
            ],
            [
              -118.22435509706615,
              33.72353423987065
            ],
            [
              -118.22441095886691,
              33.72373114887661
            ],
            [
              -118.22445519086044,
              33.723930111062614
            ],
            [
              -118.2244876864107,
              33.724130647125456
            ],
            [
              -118.22450836715305,
              33.724332273967136
            ],
            [
              -118.22451718318379,
              33.724534505858664
            ],
            [
              -118.22451411318107,
              33.724736855610075
            ],
            [
              -118.22449916445713,
              33.72493883574406
            ],
            [
              -118.2244723729415,
              33.725139959670415
            ],
            [
              -118.22443380309524,
              33.72533974285823
            ],
            [
              -118.22438354775637,
              33.72553770400322
            ],
            [
              -118.2243217279171,
              33.7257333661874
            ],
            [
              -118.22424849243299,
              33.725926258028025
            ],
            [
              -118.22416401766509,
              33.726115914813406
            ],
            [
              -118.22406850705579,
              33.72630187962264
            ],
            [
              -118.22396219063926,
              33.7264837044265
            ],
            [
              -118.22384532448788,
              33.72666095116707
            ],
            [
              -118.22371819009592,
              33.7268331928133
            ],
            [
              -118.22358109370164,
              33.72700001439002
            ],
            [
              -118.22343436555022,
              33.72716101397794
            ],
            [
              -118.2232783590982,
              33.727315803682224
            ],
            [
              -118.22311345016232,
              33.72746401056727
            ],
            [
              -118.22294003601438,
              33.72760527755546
            ],
            [
              -118.22275853442412,
              33.72773926428775
            ],
            [
              -118.22256938265285,
              33.727865647943936
            ],
            [
              -118.22237303639994,
              33.727984124020686
            ],
            [
              -118.22216996870495,
              33.728094407065434
            ],
            [
              -118.22196066880764,
              33.72819623136442
            ],
            [
              -118.22174564096912,
              33.72828935158309
            ],
            [
              -118.22152540325672,
              33.72837354335745
            ],
            [
              -118.22130048629533,
              33.72844860383481
            ],
            [
              -118.22107143198875,
              33.72851435216285
            ],
            [
              -118.22083879221346,
              33.72857062992541
            ],
            [
              -118.22060312748853,
              33.728617301524444
            ],
            [
              -118.22036500562474,
              33.72865425450684
            ],
            [
              -118.22012500035572,
              33.72868139983554
            ],
            [
              -118.21988368995525,
              33.72869867210407
            ],
            [
              -118.21964165584328,
              33.72870602969436
            ],
            [
              -118.21939948118442,
              33.72870345487693
            ],
            [
              -118.21915774948236,
              33.7286909538538
            ],
            [
              -118.21891704317318,
              33.72866855674341
            ],
            [
              -118.21867794222155,
              33.728636317508126
            ],
            [
              -118.21844102272269,
              33.72859431382418
            ],
            [
              -118.21820685551383,
              33.728542646894425
            ],
            [
              -118.21797600479805,
              33.72848144120441
            ],
            [
              -118.21774902678457,
              33.72841084422236
            ],
            [
              -118.21752646834811,
              33.728331026043726
            ],
            [
              -118.21730886571062,
              33.7282421789812
            ],
            [
              -118.21709674314906,
              33.72814451710118
            ],
            [
              -118.21689061173183,
              33.72803827570785
            ],
            [
              -118.21669096808708,
              33.72792371077598
            ],
            [
              -118.21649829320592,
              33.72780109833406
            ],
            [
              -118.21631305128342,
              33.72767073379891
            ],
            [
              -118.21613568859999,
              33.72753293126379
            ],
            [
              -118.21596663244613,
              33.72738802274129
            ],
            [
              -118.21580629009303,
              33.72723635736326
            ],
            [
              -118.21565504781134,
              33.72707830053929
            ],
            [
              -118.21551326994071,
              33.72691423307616
            ],
            [
              -118.21538129801226,
              33.72674455026005
            ],
            [
              -118.21525944992595,
              33.726569660903984
            ],
            [
              -118.21514801918515,
              33.72638998636262
            ],
            [
              -118.21504727418986,
              33.72620595951688
            ],
            [
              -118.21495745759056,
              33.72601802373087
            ],
            [
              -118.21487878570423,
              33.72582663178343
            ],
            [
              -118.21481144799371,
              33.72563224477714
            ],
            [
              -118.2147556066119,
              33.72543533102734
            ],
            [
              -118.21471139601188,
              33.725236364933586
            ],
            [
              -118.21467892262358,
              33.72503582583676
            ],
            [
              -118.21465826459817,
              33.72483419686402
            ],
            [
              -118.21464947162067,
              33.724631963764935
            ]
          ]
        ]
      }
    },
    {
      "type": "Feature",
      "properties": {
        "zone_id": "cfr-anchorage-b-11",
        "zone_type": "anchorage",
        "authority": "CFR",
        "source_ref": "33 CFR 110.214(a)(2)(i)(A)",
        "name": "Sub-Anchorage B-11"
      },
      "geometry": {
        "type": "Polygon",
        "coordinates": [
          [
            [
              -118.20028149393023,
              33.72907102469602
            ],
            [
              -118.20028430799789,
              33.72888890945675
            ],
            [
              -118.200297813356,
              33.72870712895073
            ],
            [
              -118.20032197740157,
              33.72852612110108
            ],
            [
              -118.20035674185479,
              33.728346321966924
            ],
            [
              -118.2004020229002,
              33.7281681646927
            ],
            [
              -118.20045771138919,
              33.72799207846491
            ],
            [
              -118.20052367310352,
              33.727818487478196
            ],
            [
              -118.2005997490793,
              33.727647809913556
            ],
            [
              -118.20068575599043,
              33.72748045693108
            ],
            [
              -118.20078148659078,
              33.72731683167952
            ],
            [
              -118.20088671021396,
              33.72715732832532
            ],
            [
              -118.20100117332937,
              33.72700233110324
            ],
            [
              -118.2011246001534,
              33.72685221339087
            ],
            [
              -118.20125669331406,
              33.7267073368094
            ],
            [
              -118.20139713456761,
              33.72656805035272
            ],
            [
              -118.20154558556557,
              33.726434689546814
            ],
            [
              -118.20170168866981,
              33.72630757564183
            ],
            [
              -118.20186506781425,
              33.72618701483835
            ],
            [
              -118.20203532941082,
              33.726073297550045
            ],
            [
              -118.20221206329764,
              33.725966697704244
            ],
            [
              -118.2023948437269,
              33.72586747208239
            ],
            [
              -118.20258323039049,
              33.72577585970156
            ],
            [
              -118.20277676948031,
              33.72569208123902
            ],
            [
              -118.20297499478139,
              33.72561633850076
            ],
            [
              -118.20317742879453,
              33.7255488139356
            ],
            [
              -118.20338358388638,
              33.725489670195806
            ],
            [
              -118.20359296346363,
              33.72543904974554
            ],
            [
              -118.20380506316886,
              33.72539707451772
            ],
            [
              -118.20401937209502,
              33.72536384562051
            ],
            [
              -118.20423537401571,
              33.725339443093844
            ],
            [
              -118.20445254862825,
              33.72532392571666
            ],
            [
              -118.20467037280639,
              33.725317330865515
            ],
            [
              -118.20488832186004,
              33.72531967442445
            ],
            [
              -118.2051058707986,
              33.72533095074689
            ],
            [
              -118.20532249559507,
              33.725351132669104
            ],
            [
              -118.20553767444778,
              33.725380171575814
            ],
            [
              -118.20575088903688,
              33.7254179975171
            ],
            [
              -118.20596162577236,
              33.72546451937695
            ],
            [
              -118.20616937703076,
              33.72551962509261
            ],
            [
              -118.20637364237746,
              33.72558318192444
            ],
            [
              -118.20657392977172,
              33.72565503677563
            ],
            [
              -118.20676975675164,
              33.72573501656075
            ],
            [
              -118.20696065159588,
              33.72582292862258
            ],
            [
              -118.20714615445974,
              33.72591856119607
            ],
            [
              -118.20732581848253,
              33.726021683918255
            ],
            [
              -118.20749921086389,
              33.726132048382965
            ],
            [
              -118.20766591390606,
              33.726249388739085
            ],
            [
              -118.2078255260201,
              33.72637342233063
            ],
            [
              -118.20797766269317,
              33.726503850377554
            ],
            [
              -118.20812195741466,
              33.72664035869524
            ],
            [
              -118.20825806255945,
              33.72678261845104
            ],
            [
              -118.20838565022513,
              33.72693028695631
            ],
            [
              -118.20850441302217,
              33.727083008491654
            ],
            [
              -118.20861406481475,
              33.72724041516362
            ],
            [
              -118.20871434141021,
              33.72740212779077
            ],
            [
              -118.20880500119583,
              33.727567756816875
            ],
            [
              -118.20888582572125,
              33.72773690324919
            ],
            [
              -118.20895662022531,
              33.727909159619465
            ],
            [
              -118.20901721410543,
              33.72808411096534
            ],
            [
              -118.20906746132938,
              33.728261335829885
            ],
            [
              -118.20910724078743,
              33.7284404072767
            ],
            [
              -118.2091364565848,
              33.728620893918446
            ],
            [
              -118.20915503827324,
              33.72880236095581
            ],
            [
              -118.20916294102135,
              33.72898437122504
            ],
            [
              -118.2091601457233,
              33.729166486250975
            ],
            [
              -118.20914665904547,
              33.729348267303315
            ],
            [
              -118.20912251341093,
              33.729529276453654
            ],
            [
              -118.2090877669222,
              33.729709077630375
            ],
            [
              -118.2090425032217,
              33.729887237669345
            ],
            [
              -118.20898683129103,
              33.730063327357435
            ],
            [
              -118.20892088518896,
              33.7302369224667
            ],
            [
              -118.20884482372904,
              33.73040760477642
            ],
            [
              -118.20875883009755,
              33.73057496308082
            ],
            [
              -118.2086631114127,
              33.730738594179876
            ],
            [
              -118.20855789822619,
              33.730898103850826
            ],
            [
              -118.20844344396805,
              33.73105310779812
            ],
            [
              -118.20832002433666,
              33.73120323257935
            ],
            [
              -118.20818793663472,
              33.73134811650527
            ],
            [
              -118.20804749905334,
              33.731487410511285
            ],
            [
              -118.20789904990569,
              33.73162077899867
            ],
            [
              -118.20774294681205,
              33.73174790064331
            ],
            [
              -118.20757956583846,
              33.73186846917009
            ],
            [
              -118.20740930059051,
              33.73198219409096
            ],
            [
              -118.20723256126533,
              33.73208880140506
            ],
            [
              -118.20704977366304,
              33.73218803425908
            ],
            [
              -118.20686137816088,
              33.732279653566245
            ],
            [
              -118.20666782865204,
              33.73236343858259
            ],
            [
              -118.20646959145189,
              33.73243918743903
            ],
            [
              -118.2062671441741,
              33.7325067176278
            ],
            [
              -118.20606097457988,
              33.732565866442464
            ],
            [
              -118.20585157940216,
              33.73261649137005
            ],
            [
              -118.20563946314864,
              33.73265847043446
            ],
            [
              -118.20542513688568,
              33.7326917024906
            ],
            [
              -118.20520911700666,
              33.732716107468114
            ],
            [
              -118.20499192398725,
              33.73273162656446
            ],
            [
              -118.2047740811309,
              33.73273822238654
            ],
            [
              -118.20455611330765,
              33.73273587904092
            ],
            [
              -118.20433854568881,
              33.73272460217218
            ],
            [
              -118.2041219024813,
              33.73270441894927
            ],
            [
              -118.20390670566412,
              33.73267537799999
            ],
            [
              -118.20369347373011,
              33.732637549293955
            ],
            [
              -118.2034827204363,
              33.732591023973804
            ],
            [
              -118.20327495356563,
              33.7325359141356
            ],
            [
              -118.20307067370311,
              33.732472352558695
            ],
            [
              -118.20287037302921,
              33.73240049238558
            ],
            [
              -118.20267453413376,
              33.73232050675298
            ],
            [
              -118.20248362885286,
              33.73223258837437
            ],
            [
              -118.20229811713169,
              33.73213694907569
            ],
            [
              -118.20211844591627,
              33.73203381928463
            ],
            [
              -118.20194504807623,
              33.731923447475445
            ],
            [
              -118.20177834136187,
              33.73180609957001
            ],
            [
              -118.20161872739753,
              33.731682058297
            ],
            [
              -118.20146659071386,
              33.73155162251039
            ],
            [
              -118.20132229782153,
              33.73141510646942
            ],
            [
              -118.2011861963281,
              33.73127283908105
            ],
            [
              -118.2010586141008,
              33.73112516310747
            ],
            [
              -118.20093985847677,
              33.73097243433998
            ],
            [
              -118.20083021552276,
              33.73081502074169
            ],
            [
              -118.20072994934633,
              33.730653301560736
            ],
            [
              -118.20063930145983,
              33.730487666416465
            ],
            [
              -118.20055849019899,
              33.73031851436052
            ],
            [
              -118.20048771019732,
              33.730146252915354
            ],
            [
              -118.20042713191764,
              33.72997129709218
            ],
            [
              -118.20037690124201,
              33.72979406839105
            ],
            [
              -118.20033713912075,
              33.72961499378529
            ],
            [
              -118.20030794128172,
              33.72943450469271
            ],
            [
              -118.20028937800016,
              33.72925303593617
            ],
            [
              -118.20028149393023,
              33.72907102469602
            ]
          ]
        ]
      }
    },
    {
      "type": "Feature",
      "properties": {
        "zone_id": "cfr-anchorage-d-5",
        "zone_type": "anchorage",
        "authority": "CFR",
        "source_ref": "33 CFR 110.214(a)(2)(i)(A)",
        "name": "Sub-Anchorage D-5"
      },
      "geometry": {
        "type": "Polygon",
        "coordinates": [
          [
            [
              -118.17055928105272,
              33.72795884358318
            ],
            [
              -118.17056215797689,
              33.72777672763932
            ],
            [
              -118.17057572601675,
              33.72759494900807
            ],
            [
              -118.1705999524183,
              33.727413945608035
            ],
            [
              -118.1706347787515,
              33.7272341534875
            ],
            [
              -118.1706801210519,
              33.727056005773996
            ],
            [
              -118.17073587002331,
              33.72687993163095
            ],
            [
              -118.17080189130186,
              33.72670635522383
            ],
            [
              -118.1708780257802,
              33.726535694698484
            ],
            [
              -118.17096408999133,
              33.726368361173876
            ],
            [
              -118.17105987655117,
              33.72620475775188
            ],
            [
              -118.17116515465857,
              33.72604527854633
            ],
            [
              -118.17127967065178,
              33.72589030773374
            ],
            [
              -118.17140314861982,
              33.7257402186281
            ],
            [
              -118.17153529106756,
              33.72559537278164
            ],
            [
              -118.1716757796327,
              33.72545611911417
            ],
            [
              -118.17182427585279,
              33.72532279307272
            ],
            [
              -118.17198042198082,
              33.72519571582366
            ],
            [
              -118.1721438418472,
              33.725075193479285
            ],
            [
              -118.17231414176584,
              33.72496151636059
            ],
            [
              -118.17249091148257,
              33.724854958298174
            ],
            [
              -118.1726737251634,
              33.72475577597282
            ],
            [
              -118.1728621424201,
              33.72466420829733
            ],
            [
              -118.17305570937104,
              33.72458047584131
            ],
            [
              -118.1732539597341,
              33.72450478029991
            ],
            [
              -118.17345641594987,
              33.72443730400831
            ],
            [
              -118.17366259033149,
              33.72437820950254
            ],
            [
              -118.17387198623926,
              33.72432763912815
            ],
            [
              -118.17408409927643,
              33.7242857146975
            ],
            [
              -118.1742984185039,
              33.72425253719641
            ],
            [
              -118.17451442767047,
              33.72422818654103
            ],
            [
              -118.17473160645604,
              33.724212721385435
            ],
            [
              -118.17494943172427,
              33.724206178980396
            ],
            [
              -118.17516737878252,
              33.72420857508366
            ],
            [
              -118.17538492264491,
              33.72421990392211
            ],
            [
              -118.1756015392967,
              33.72424013820558
            ],
            [
              -118.17581670695583,
              33.72426922919269
            ],
            [
              -118.17602990732938,
              33.7243071068081
            ],
            [
              -118.17624062686153,
              33.724353679811344
            ],
            [
              -118.17644835797023,
              33.72440883601653
            ],
            [
              -118.17665260026934,
              33.72447244256241
            ],
            [
              -118.17685286177365,
              33.724544346232456
            ],
            [
              -118.1770486600835,
              33.724624373823644
            ],
            [
              -118.17723952354658,
              33.72471233256366
            ],
            [
              -118.17742499239371,
              33.724808010574996
            ],
            [
              -118.17760461984608,
              33.72491117738525
            ],
            [
              -118.17777797319135,
              33.72502158448209
            ],
            [
              -118.17794463482572,
              33.725138965911654
            ],
            [
              -118.17810420325995,
              33.72526303891906
            ],
            [
              -118.17825629408625,
              33.725393504629295
            ],
            [
              -118.17840054090453,
              33.72553004876699
            ],
            [
              -118.17853659620486,
              33.72567234241323
            ],
            [
              -118.17866413220486,
              33.725820042797686
            ],
            [
              -118.17878284163945,
              33.72597279412415
            ],
            [
              -118.17889243850121,
              33.72613022842737
            ],
            [
              -118.17899265872975,
              33.72629196645934
            ],
            [
              -118.17908326084815,
              33.72645761860257
            ],
            [
              -118.17916402654487,
              33.72662678580862
            ],
            [
              -118.17923476120039,
              33.72679906055913
            ],
            [
              -118.17929529435631,
              33.72697402784743
            ],
            [
              -118.17934548012661,
              33.72715126617813
            ],
            [
              -118.1793851975496,
              33.727330348582356
            ],
            [
              -118.17941435087988,
              33.72751084364629
            ],
            [
              -118.17943286981972,
              33.72769231655033
            ],
            [
              -118.17944070968888,
              33.7278743301165
            ],
            [
              -118.17943785153297,
              33.72805644586163
            ],
            [
              -118.17942430216978,
              33.72823822505369
            ],
            [
              -118.17940009417347,
              33.72841922976864
            ],
            [
              -118.17936528579676,
              33.72859902394555
            ],
            [
              -118.17931996083125,
              33.72877717443707
            ],
            [
              -118.17926422840615,
              33.72895325205303
            ],
            [
              -118.17919822272599,
              33.729126832594524
            ],
            [
              -118.17912210274788,
              33.72929749787586
            ],
            [
              -118.1790360517992,
              33.72946483673229
            ],
            [
              -118.17894027713626,
              33.7296284460106
            ],
            [
              -118.17883500944566,
              33.72978793154054
            ],
            [
              -118.17872050228887,
              33.7299429090847
            ],
            [
              -118.17859703149175,
              33.73009300526427
            ],
            [
              -118.1784648944803,
              33.730237858458864
            ],
            [
              -118.17832440956457,
              33.730377119677925
            ],
            [
              -118.17817591517179,
              33.7305104534017
            ],
            [
              -118.17801976903138,
              33.73063753838981
            ],
            [
              -118.17785634731311,
              33.730758068455465
            ],
            [
              -118.17768604372085,
              33.730871753203296
            ],
            [
              -118.17750926854418,
              33.73097831872921
            ],
            [
              -118.17732644766966,
              33.731077508280585
            ],
            [
              -118.17713802155473,
              33.731169082874985
            ],
            [
              -118.17694444416645,
              33.73125282187622
            ],
            [
              -118.17674618188735,
              33.73132852352605
            ],
            [
              -118.1765437123917,
              33.731396005430504
            ],
            [
              -118.17633752349418,
              33.73145510499951
            ],
            [
              -118.17612811197431,
              33.73150567983871
            ],
            [
              -118.17591598237918,
              33.73154760809279
            ],
            [
              -118.17570164580738,
              33.73158078873908
            ],
            [
              -118.17548561867709,
              33.731605141831146
            ],
            [
              -118.1752684214815,
              33.731620608691465
            ],
            [
              -118.17505057753415,
              33.73162715205282
            ],
            [
              -118.17483261170766,
              33.73162475614827
            ],
            [
              -118.17461504916855,
              33.73161342674903
            ],
            [
              -118.17439841411154,
              33.73159319115064
            ],
            [
              -118.1741832284959,
              33.73156409810717
            ],
            [
              -118.17397001078747,
              33.73152621771374
            ],
            [
              -118.17375927470901,
              33.73147964123758
            ],
            [
              -118.17355152800192,
              33.731424480898035
            ],
            [
              -118.17334727120257,
              33.73136086959614
            ],
            [
              -118.17314699643585,
              33.73128896059426
            ],
            [
              -118.17295118622907,
              33.73120892714677
            ],
            [
              -118.17276031234917,
              33.73112096208237
            ],
            [
              -118.17257483466564,
              33.731025277339455
            ],
            [
              -118.17239520004237,
              33.73092210345528
            ],
            [
              -118.1722218412608,
              33.73081168901031
            ],
            [
              -118.17205517597702,
              33.73069430002915
            ],
            [
              -118.17189560571549,
              33.730570219339434
            ],
            [
              -118.17174351490152,
              33.73043974589012
            ],
            [
              -118.17159926993517,
              33.73030319403115
            ],
            [
              -118.17146321830845,
              33.73016089275579
            ],
            [
              -118.17133568776842,
              33.73001318490783
            ],
            [
              -118.17121698552754,
              33.729860426355366
            ],
            [
              -118.17110739752397,
              33.729702985133216
            ],
            [
              -118.17100718773277,
              33.729541240556046
            ],
            [
              -118.17091659753041,
              33.729375582304364
            ],
            [
              -118.17083584511357,
              33.72920640948547
            ],
            [
              -118.17076512497394,
              33.729034129671724
            ],
            [
              -118.17070460743014,
              33.7288591579186
            ],
            [
              -118.17065443821778,
              33.72868191576447
            ],
            [
              -118.17061473813915,
              33.72850283021505
            ],
            [
              -118.17058560277255,
              33.72832233271442
            ],
            [
              -118.17056710224276,
              33.72814085810567
            ],
            [
              -118.17055928105272,
              33.72795884358318
            ]
          ]
        ]
      }
    },
    {
      "type": "Feature",
      "properties": {
        "zone_id": "cfr-anchorage-d-6",
        "zone_type": "anchorage",
        "authority": "CFR",
        "source_ref": "33 CFR 110.214(a)(2)(i)(A)",
        "name": "Sub-Anchorage D-6"
      },
      "geometry": {
        "type": "Polygon",
        "coordinates": [
          [
            [
              -118.16153148896832,
              33.727958518959305
            ],
            [
              -118.16153438497298,
              33.72777640282068
            ],
            [
              -118.16154797208156,
              33.727594624777154
            ],
            [
              -118.1615722174941,
              33.72741362274593
            ],
            [
              -118.16160706273486,
              33.727233832771965
            ],
            [
              -118.16165242379377,
              33.7270556879776
            ],
            [
              -118.16170819132947,
              33.72687961751921
            ],
            [
              -118.16177423093337,
              33.7267060455534
            ],
            [
              -118.16185038345402,
              33.72653539021527
            ],
            [
              -118.16193646538098,
              33.726368062611314
            ],
            [
              -118.1620322692875,
              33.7262044658291
            ],
            [
              -118.1621375643306,
              33.72604499396646
            ],
            [
              -118.16225209680782,
              33.725890031182225
            ],
            [
              -118.16237559076848,
              33.72573995077102
            ],
            [
              -118.16250774867893,
              33.72559511426413
            ],
            [
              -118.16264825213963,
              33.72545587055887
            ],
            [
              -118.16279676265229,
              33.72532255507824
            ],
            [
              -118.16295292243551,
              33.725195488963216
            ],
            [
              -118.1631163552868,
              33.72507497829922
            ],
            [
              -118.1632866674888,
              33.724961313379126
            ],
            [
              -118.16346344875785,
              33.724854768004164
            ],
            [
              -118.16364627323206,
              33.724755598824544
            ],
            [
              -118.16383470049728,
              33.7246640447214
            ],
            [
              -118.16402827664773,
              33.72458032623165
            ],
            [
              -118.16422653537926,
              33.724504645016836
            ],
            [
              -118.16442899911218,
              33.7244371833776
            ],
            [
              -118.16463518014167,
              33.724378103814686
            ],
            [
              -118.16484458181192,
              33.72432754863769
            ],
            [
              -118.16505669971235,
              33.72428563962234
            ],
            [
              -118.16527102289218,
              33.724252477717336
            ],
            [
              -118.16548703509072,
              33.7242281428013
            ],
            [
              -118.16570421598047,
              33.724212693490365
            ],
            [
              -118.16592204242014,
              33.72420616699717
            ],
            [
              -118.1661399897142,
              33.72420857904115
            ],
            [
              -118.16635753287623,
              33.724219923810786
            ],
            [
              -118.16657414789316,
              33.72424017397757
            ],
            [
              -118.16678931298684,
              33.72426928076183
            ],
            [
              -118.16700250987058,
              33.724307174050224
            ],
            [
              -118.16721322499691,
              33.72435376256454
            ],
            [
              -118.16742095079444,
              33.72440893408151
            ],
            [
              -118.16762518688975,
              33.72447255570305
            ],
            [
              -118.16782544131257,
              33.72454447417629
            ],
            [
              -118.16802123168031,
              33.724624516262566
            ],
            [
              -118.16821208635974,
              33.72471248915465
            ],
            [
              -118.16839754560286,
              33.72480818094096
            ],
            [
              -118.16857716265392,
              33.72491136111591
            ],
            [
              -118.16875050482565,
              33.72502178113497
            ],
            [
              -118.16891715454116,
              33.725139175013176
            ],
            [
              -118.16907671033985,
              33.725263259965615
            ],
            [
              -118.16922878784439,
              33.72539373708855
            ],
            [
              -118.16937302068672,
              33.72553029207908
            ],
            [
              -118.16950906139058,
              33.72567259599216
            ],
            [
              -118.16963658220874,
              33.72582030603271
            ],
            [
              -118.16975527591264,
              33.72597306638127
            ],
            [
              -118.16986485653277,
              33.726130509050854
            ],
            [
              -118.16996506004782,
              33.72629225477326
            ],
            [
              -118.17005564502107,
              33.72645791391249
            ],
            [
              -118.17013639318236,
              33.726627087403244
            ],
            [
              -118.17020710995433,
              33.72679936771198
            ],
            [
              -118.17026762492168,
              33.72697433981865
            ],
            [
              -118.17031779224216,
              33.72715158221624
            ],
            [
              -118.17035749099853,
              33.72733066792605
            ],
            [
              -118.17038662549041,
              33.727511165526295
            ],
            [
              -118.17040512546532,
              33.727692640191236
            ],
            [
              -118.17041294628878,
              33.727874654738656
            ],
            [
              -118.17041006905231,
              33.72805677068301
            ],
            [
              -118.17039650061963,
              33.72823854929174
            ],
            [
              -118.17037227361085,
              33.72841955264222
            ],
            [
              -118.17033744632451,
              33.72859934467677
            ],
            [
              -118.17029210259771,
              33.728777492253236
            ],
            [
              -118.17023635160494,
              33.72895356618841
            ],
            [
              -118.17017032759544,
              33.72912714229223
            ],
            [
              -118.17009418957052,
              33.72929780238973
            ],
            [
              -118.17000812090099,
              33.72946513532861
            ],
            [
              -118.16991232888596,
              33.7296287379699
            ],
            [
              -118.16980704425379,
              33.729788216159314
            ],
            [
              -118.16969252060676,
              33.72994318567715
            ],
            [
              -118.16956903381052,
              33.730093273163895
            ],
            [
              -118.16943688132967,
              33.730238117020136
            ],
            [
              -118.16929638151151,
              33.73037736827777
            ],
            [
              -118.16914787281921,
              33.730510691441054
            ],
            [
              -118.16899171301665,
              33.73063776529507
            ],
            [
              -118.16882827830652,
              33.73075828367983
            ],
            [
              -118.16865796242405,
              33.7308719562281
            ],
            [
              -118.16848117568843,
              33.7309785090652
            ],
            [
              -118.1682983440141,
              33.73107768546905
            ],
            [
              -118.16810990788456,
              33.731169246488946
            ],
            [
              -118.16791632129099,
              33.73125297152136
            ],
            [
              -118.16771805063816,
              33.731328658841726
            ],
            [
              -118.16751557362043,
              33.73139612609063
            ],
            [
              -118.16730937807073,
              33.73145521071328
            ],
            [
              -118.16709996078455,
              33.73150577035136
            ],
            [
              -118.16688782632295,
              33.731547683186186
            ],
            [
              -118.16667348579622,
              33.73158084823225
            ],
            [
              -118.16645745563206,
              33.73160518558071
            ],
            [
              -118.166240256331,
              33.731620636591984
            ],
            [
              -118.16602241121164,
              33.73162716403707
            ],
            [
              -118.16580444514945,
              33.73162475218737
            ],
            [
              -118.16558688331149,
              33.731613406852524
            ],
            [
              -118.1653702498908,
              33.73159315536649
            ],
            [
              -118.16515506684271,
              33.73156404652163
            ],
            [
              -118.16494185262687,
              33.73152615045114
            ],
            [
              -118.16473112095757,
              33.73147955846003
            ],
            [
              -118.16452337956564,
              33.731424382805045
            ],
            [
              -118.16431912897461,
              33.73136075642414
            ],
            [
              -118.16411886129436,
              33.73128883261599
            ],
            [
              -118.16392305903518,
              33.731208784670635
            ],
            [
              -118.16373219394478,
              33.731120805451766
            ],
            [
              -118.16354672587146,
              33.73102510693186
            ],
            [
              -118.16336710165598,
              33.73092191968137
            ],
            [
              -118.16319375405466,
              33.73081149231297
            ],
            [
              -118.16302710069662,
              33.730694090882395
            ],
            [
              -118.16286754307757,
              33.73056999824727
            ],
            [
              -118.16271546559237,
              33.730439513385356
            ],
            [
              -118.16257123460888,
              33.73030295067407
            ],
            [
              -118.16243519758547,
              33.73016063913281
            ],
            [
              -118.1623076822339,
              33.73001292163012
            ],
            [
              -118.16218899573015,
              33.72986015405732
            ],
            [
              -118.1620794239743,
              33.729702704470995
            ],
            [
              -118.16197923090236,
              33.729540952205916
            ],
            [
              -118.16188865785045,
              33.72937528696112
            ],
            [
              -118.16180792297394,
              33.729206107860726
            ],
            [
              -118.16173722072223,
              33.72903382249225
            ],
            [
              -118.16167672137075,
              33.7288588459245
            ],
            [
              -118.16162657061143,
              33.72868159970744
            ],
            [
              -118.16158688920198,
              33.728502510856565
            ],
            [
              -118.16155777267574,
              33.7283220108239
            ],
            [
              -118.16153929111213,
              33.72814053445861
            ],
            [
              -118.16153148896832,
              33.727958518959305
            ]
          ]
        ]
      }
    },
    {
      "type": "Feature",
      "properties": {
        "zone_id": "cfr-anchorage-d-7",
        "zone_type": "anchorage",
        "authority": "CFR",
        "source_ref": "33 CFR 110.214(a)(2)(i)(A)",
        "name": "Sub-Anchorage D-7"
      },
      "geometry": {
        "type": "Polygon",
        "coordinates": [
          [
            [
              -118.15250369699457,
              33.727958194334384
            ],
            [
              -118.15250661207959,
              33.727776078005526
            ],
            [
              -118.15252021825656,
              33.72759430055427
            ],
            [
              -118.15254448267952,
              33.72741329989636
            ],
            [
              -118.15257934682694,
              33.727233512073425
            ],
            [
              -118.15262472664321,
              33.727055370202635
            ],
            [
              -118.15268051274181,
              33.72687930343332
            ],
            [
              -118.15274657066946,
              33.72670573591313
            ],
            [
              -118.15282274123052,
              33.726535085766486
            ],
            [
              -118.15290884087115,
              33.72636776408732
            ],
            [
              -118.15300466212192,
              33.72620417394897
            ],
            [
              -118.15310997409816,
              33.726044709433204
            ],
            [
              -118.1532245230565,
              33.725889754681184
            ],
            [
              -118.1533480330067,
              33.72573968296815
            ],
            [
              -118.15348020637654,
              33.72559485580443
            ],
            [
              -118.15362072472932,
              33.725455622064864
            ],
            [
              -118.15376924953087,
              33.7253223171484
            ],
            [
              -118.15392542296539,
              33.725195262170544
            ],
            [
              -118.15408886879753,
              33.725074763189916
            ],
            [
              -118.15425919327868,
              33.72496111047128
            ],
            [
              -118.15443598609556,
              33.724854577786424
            ],
            [
              -118.15461882135862,
              33.724755421754985
            ],
            [
              -118.15480725862767,
              33.724663881226476
            ],
            [
              -118.15500084397286,
              33.7245801767051
            ],
            [
              -118.15519911106784,
              33.724504509818736
            ],
            [
              -118.15540158231293,
              33.72443706283355
            ],
            [
              -118.1556077699851,
              33.724377998214976
            ],
            [
              -118.15581717741264,
              33.7243274582366
            ],
            [
              -118.15602930017108,
              33.7242855646376
            ],
            [
              -118.15624362729794,
              33.72425241832952
            ],
            [
              -118.156459642523,
              33.72422809915342
            ],
            [
              -118.15667682551158,
              33.724212665687546
            ],
            [
              -118.15689465311725,
              33.72420615510635
            ],
            [
              -118.15711260064168,
              33.72420858309098
            ],
            [
              -118.15733014309792,
              33.72421994379152
            ],
            [
              -118.1575467564746,
              33.724240209841085
            ],
            [
              -118.15776191899752,
              33.724269332421805
            ],
            [
              -118.15797511238611,
              33.72430724138224
            ],
            [
              -118.15818582310142,
              33.72435384540646
            ],
            [
              -118.15839354358256,
              33.72440903223386
            ],
            [
              -118.158597773469,
              33.72447266892946
            ],
            [
              -118.15879802080534,
              33.7245446022041
            ],
            [
              -118.15899380322607,
              33.72462465878347
            ],
            [
              -118.15918464911712,
              33.72471264582543
            ],
            [
              -118.15937009875157,
              33.72480835138433
            ],
            [
              -118.15954970539688,
              33.724911544921405
            ],
            [
              -118.15972303639076,
              33.72502197785994
            ],
            [
              -118.15988967418325,
              33.72513938418385
            ],
            [
              -118.1600492173424,
              33.72526348107826
            ],
            [
              -118.16020128152141,
              33.72539396961062
            ],
            [
              -118.16034550038422,
              33.72553053545058
            ],
            [
              -118.16048152648823,
              33.72567284962695
            ],
            [
              -118.16060903212136,
              33.725820569319936
            ],
            [
              -118.1607277100916,
              33.725973338686785
            ],
            [
              -118.16083727446737,
              33.7261307897188
            ],
            [
              -118.16093746126643,
              33.726292543127634
            ],
            [
              -118.16102802909231,
              33.726458209258745
            ],
            [
              -118.16110875971613,
              33.726627389029964
            ],
            [
              -118.16117945860279,
              33.726799674892646
            ],
            [
              -118.16123995538004,
              33.72697465181332
            ],
            [
              -118.16129010424946,
              33.72715189827338
            ],
            [
              -118.16132978433826,
              33.72733098728432
            ],
            [
              -118.16135889999096,
              33.72751148741637
            ],
            [
              -118.1613773810005,
              33.727692963837704
            ],
            [
              -118.16138518277812,
              33.727874979361836
            ],
            [
              -118.16138228646113,
              33.72805709550087
            ],
            [
              -118.1613686989593,
              33.72823887352174
            ],
            [
              -118.16134445293865,
              33.728419875503256
            ],
            [
              -118.16130960674349,
              33.728599665391
            ],
            [
              -118.16126424425659,
              33.728777810047944
            ],
            [
              -118.16120847469753,
              33.72895388029795
            ],
            [
              -118.16114243236032,
              33.7291274519598
            ],
            [
              -118.16106627629048,
              33.7292981068692
            ],
            [
              -118.16098018990228,
              33.72946543388635
            ],
            [
              -118.16088438053751,
              33.72962902988652
            ],
            [
              -118.16077907896636,
              33.729788500731466
            ],
            [
              -118.160664538832,
              33.7299434622191
            ],
            [
              -118.16054103603973,
              33.730093541009296
            ],
            [
              -118.16040886809277,
              33.73023837552357
            ],
            [
              -118.16026835337567,
              33.73037761681631
            ],
            [
              -118.16011983038753,
              33.73051092941579
            ],
            [
              -118.15996365692668,
              33.73063799213254
            ],
            [
              -118.15980020922879,
              33.7307584988334
            ],
            [
              -118.15962988106035,
              33.730872159179285
            ],
            [
              -118.1594530827702,
              33.7309786993249
            ],
            [
              -118.15927024030061,
              33.731077862578786
            ],
            [
              -118.15908179416115,
              33.731169410021884
            ],
            [
              -118.15888819836714,
              33.731253121083384
            ],
            [
              -118.15868991934545,
              33.73132879407242
            ],
            [
              -118.15848743481075,
              33.731396246664076
            ],
            [
              -118.15828123261399,
              33.7314553163389
            ],
            [
              -118.15807180956675,
              33.73150586077461
            ],
            [
              -118.15785967024395,
              33.73154775818913
            ],
            [
              -118.1576453257676,
              33.73158090763415
            ],
            [
              -118.15742929257496,
              33.73160522923838
            ],
            [
              -118.15721209117383,
              33.73162066440023
            ],
            [
              -118.1569942448879,
              33.73162717592889
            ],
            [
              -118.15677627859543,
              33.7316247481341
            ],
            [
              -118.15655871746407,
              33.731613386863934
            ],
            [
              -118.15634208568508,
              33.73159311949077
            ],
            [
              -118.15612690520989,
              33.73156399484524
            ],
            [
              -118.15591369449193,
              33.73152608309863
            ],
            [
              -118.15570296723709,
              33.731479475593744
            ],
            [
              -118.15549523116549,
              33.7314242846247
            ],
            [
              -118.15529098678783,
              33.73136064316633
            ],
            [
              -118.15509072619908,
              33.73128870455371
            ],
            [
              -118.15489493189233,
              33.73120864211251
            ],
            [
              -118.15470407559619,
              33.73112064874135
            ],
            [
              -118.15451861713774,
              33.73102493644686
            ],
            [
              -118.1543390033345,
              33.73092173583261
            ],
            [
              -118.15416566691775,
              33.730811295543525
            ],
            [
              -118.1539990254896,
              33.730693881666454
            ],
            [
              -118.15383948051702,
              33.73056977708903
            ],
            [
              -118.15368741636433,
              33.730439280817755
            ],
            [
              -118.15354319936732,
              33.73030270725755
            ],
            [
              -118.15340717695055,
              33.73016038545395
            ],
            [
              -118.1532796767907,
              33.73001265830021
            ],
            [
              -118.15316100602698,
              33.7298598817109
            ],
            [
              -118.15305145052163,
              33.7297024237643
            ],
            [
              -118.15295127417144,
              33.72954066381534
            ],
            [
              -118.15286071827224,
              33.72937499158155
            ],
            [
              -118.15278000093804,
              33.72920580620389
            ],
            [
              -118.15270931657595,
              33.729033515284954
            ],
            [
              -118.1526488354184,
              33.72885853390692
            ],
            [
              -118.15259870311334,
              33.72868128363137
            ],
            [
              -118.15255904037403,
              33.7285021914835
            ],
            [
              -118.1525299426889,
              33.72832168892329
            ],
            [
              -118.15251148009192,
              33.72814021080599
            ],
            [
              -118.15250369699457,
              33.727958194334384
            ]
          ]
        ]
      }
    },
    {
      "type": "Feature",
      "properties": {
        "zone_id": "osm-way-46786838",
        "zone_type": "berth",
        "authority": "OSM",
        "source_ref": "https://www.openstreetmap.org/way/46786838",
        "name": null,
        "operator": null,
        "osm_operator_tag": null
      },
      "geometry": {
        "type": "Polygon",
        "coordinates": [
          [
            [
              -118.2742695,
              33.7143256
            ],
            [
              -118.2742156,
              33.7142942
            ],
            [
              -118.2742931,
              33.714202
            ],
            [
              -118.2740094,
              33.7140369
            ],
            [
              -118.2739345,
              33.714126
            ],
            [
              -118.2738792,
              33.7140939
            ],
            [
              -118.2739558,
              33.7140028
            ],
            [
              -118.2738764,
              33.7139566
            ],
            [
              -118.2738921,
              33.713938
            ],
            [
              -118.2734273,
              33.7138482
            ],
            [
              -118.273427,
              33.7138306
            ],
            [
              -118.2733582,
              33.7138307
            ],
            [
              -118.2733581,
              33.7137467
            ],
            [
              -118.2733875,
              33.7137467
            ],
            [
              -118.2733875,
              33.7137613
            ],
            [
              -118.2734669,
              33.7137612
            ],
            [
              -118.2734671,
              33.7138222
            ],
            [
              -118.2739165,
              33.713909
            ],
            [
              -118.2739807,
              33.7138327
            ],
            [
              -118.2764213,
              33.7152533
            ],
            [
              -118.2763382,
              33.715352
            ],
            [
              -118.2764465,
              33.7154162
            ],
            [
              -118.2765173,
              33.7154004
            ],
            [
              -118.2765455,
              33.7154883
            ],
            [
              -118.2764747,
              33.715504
            ],
            [
              -118.2764611,
              33.7154615
            ],
            [
              -118.2763176,
              33.7153766
            ],
            [
              -118.2763111,
              33.7153843
            ],
            [
              -118.2762408,
              33.7153434
            ],
            [
              -118.2761678,
              33.7154302
            ],
            [
              -118.2761176,
              33.715401
            ],
            [
              -118.2761914,
              33.7153133
            ],
            [
              -118.2759006,
              33.715144
            ],
            [
              -118.2758258,
              33.7152329
            ],
            [
              -118.2757711,
              33.715201
            ],
            [
              -118.2758451,
              33.715113
            ],
            [
              -118.2755904,
              33.7149648
            ],
            [
              -118.2755158,
              33.7150535
            ],
            [
              -118.2754178,
              33.7149964
            ],
            [
              -118.2754939,
              33.7149059
            ],
            [
              -118.2750997,
              33.7146764
            ],
            [
              -118.2750249,
              33.7147653
            ],
            [
              -118.2749352,
              33.7147131
            ],
            [
              -118.2750111,
              33.7146228
            ],
            [
              -118.274687,
              33.7144342
            ],
            [
              -118.2746101,
              33.7145257
            ],
            [
              -118.2745557,
              33.714494
            ],
            [
              -118.2746332,
              33.7144019
            ],
            [
              -118.274346,
              33.7142347
            ],
            [
              -118.2742695,
              33.7143256
            ]
          ]
        ]
      }
    },
    {
      "type": "Feature",
      "properties": {
        "zone_id": "osm-way-638644420",
        "zone_type": "berth",
        "authority": "OSM",
        "source_ref": "https://www.openstreetmap.org/way/638644420",
        "name": null,
        "operator": null,
        "osm_operator_tag": null
      },
      "geometry": {
        "type": "Polygon",
        "coordinates": [
          [
            [
              -118.2735046,
              33.7173725
            ],
            [
              -118.2735855,
              33.7173468
            ],
            [
              -118.2735109,
              33.7171551
            ],
            [
              -118.2734327,
              33.7171743
            ],
            [
              -118.273243,
              33.7166664
            ],
            [
              -118.273321,
              33.7166476
            ],
            [
              -118.2732514,
              33.7164495
            ],
            [
              -118.2731647,
              33.7164699
            ],
            [
              -118.273125,
              33.7163507
            ],
            [
              -118.2729695,
              33.7163451
            ],
            [
              -118.2729373,
              33.7163362
            ],
            [
              -118.2729131,
              33.7163395
            ],
            [
              -118.2736125,
              33.7181635
            ],
            [
              -118.273796,
              33.7181183
            ],
            [
              -118.2735046,
              33.7173725
            ]
          ]
        ]
      }
    },
    {
      "type": "Feature",
      "properties": {
        "zone_id": "osm-way-638644583",
        "zone_type": "berth",
        "authority": "OSM",
        "source_ref": "https://www.openstreetmap.org/way/638644583",
        "name": null,
        "operator": null,
        "osm_operator_tag": null
      },
      "geometry": {
        "type": "Polygon",
        "coordinates": [
          [
            [
              -118.2722298,
              33.7240551
            ],
            [
              -118.2724772,
              33.7239911
            ],
            [
              -118.2724922,
              33.7240341
            ],
            [
              -118.2723194,
              33.7240776
            ],
            [
              -118.272392,
              33.724276
            ],
            [
              -118.2725049,
              33.7242468
            ],
            [
              -118.2725647,
              33.7242314
            ],
            [
              -118.2726817,
              33.7242847
            ],
            [
              -118.272424,
              33.7243523
            ],
            [
              -118.2724967,
              33.7245474
            ],
            [
              -118.2727443,
              33.7244824
            ],
            [
              -118.2727573,
              33.7245242
            ],
            [
              -118.2725166,
              33.7245871
            ],
            [
              -118.2726102,
              33.7248363
            ],
            [
              -118.2726928,
              33.7250577
            ],
            [
              -118.2728512,
              33.7250161
            ],
            [
              -118.2728576,
              33.7250366
            ],
            [
              -118.2726991,
              33.7250792
            ],
            [
              -118.2728934,
              33.7255553
            ],
            [
              -118.2730414,
              33.7255139
            ],
            [
              -118.2730461,
              33.725527
            ],
            [
              -118.2728987,
              33.7255664
            ],
            [
              -118.2729037,
              33.7255792
            ],
            [
              -118.2728451,
              33.7255919
            ],
            [
              -118.2729412,
              33.7258629
            ],
            [
              -118.2729077,
              33.7258716
            ],
            [
              -118.2728974,
              33.7258434
            ],
            [
              -118.2729125,
              33.7258398
            ],
            [
              -118.2728286,
              33.7255963
            ],
            [
              -118.2728044,
              33.7256024
            ],
            [
              -118.2727932,
              33.7255726
            ],
            [
              -118.2728506,
              33.7255582
            ],
            [
              -118.2726972,
              33.7251468
            ],
            [
              -118.2726691,
              33.7251545
            ],
            [
              -118.272622,
              33.7250295
            ],
            [
              -118.2726509,
              33.7250222
            ],
            [
              -118.2725779,
              33.7248265
            ],
            [
              -118.2725231,
              33.7248403
            ],
            [
              -118.2725157,
              33.7248204
            ],
            [
              -118.2725703,
              33.7248076
            ],
            [
              -118.2724884,
              33.7245953
            ],
            [
              -118.2724341,
              33.7246093
            ],
            [
              -118.2722298,
              33.7240551
            ]
          ]
        ]
      }
    },
    {
      "type": "Feature",
      "properties": {
        "zone_id": "osm-way-666016405",
        "zone_type": "berth",
        "authority": "OSM",
        "source_ref": "https://www.openstreetmap.org/way/666016405",
        "name": "Pier 300",
        "operator": null,
        "osm_operator_tag": null
      },
      "geometry": {
        "type": "Polygon",
        "coordinates": [
          [
            [
              -118.2604388,
              33.7312126
            ],
            [
              -118.2592366,
              33.7315617
            ],
            [
              -118.2557124,
              33.732585
            ],
            [
              -118.2519474,
              33.7336782
            ],
            [
              -118.2479504,
              33.7348387
            ],
            [
              -118.2480362,
              33.7350745
            ],
            [
              -118.2442081,
              33.7362023
            ],
            [
              -118.2441223,
              33.7363165
            ],
            [
              -118.2441223,
              33.7364307
            ],
            [
              -118.2451952,
              33.7388361
            ],
            [
              -118.2454011,
              33.7388646
            ],
            [
              -118.2501047,
              33.7375013
            ],
            [
              -118.250963,
              33.73738
            ],
            [
              -118.251169,
              33.7374942
            ],
            [
              -118.2512548,
              33.7376155
            ],
            [
              -118.2531345,
              33.7421407
            ],
            [
              -118.2541844,
              33.7417876
            ],
            [
              -118.2545314,
              33.7424719
            ],
            [
              -118.2550684,
              33.7427681
            ],
            [
              -118.2556222,
              33.7430738
            ],
            [
              -118.2559474,
              33.7426756
            ],
            [
              -118.2569474,
              33.7430425
            ],
            [
              -118.2570142,
              33.7429488
            ],
            [
              -118.2572022,
              33.742876
            ],
            [
              -118.2577545,
              33.7427091
            ],
            [
              -118.2578861,
              33.7427333
            ],
            [
              -118.2584003,
              33.7426301
            ],
            [
              -118.2588015,
              33.7426755
            ],
            [
              -118.25919,
              33.7427837
            ],
            [
              -118.2597401,
              33.7430061
            ],
            [
              -118.2599285,
              33.7431938
            ],
            [
              -118.2601743,
              33.7435011
            ],
            [
              -118.2639034,
              33.7420548
            ],
            [
              -118.2637076,
              33.7417107
            ],
            [
              -118.2634177,
              33.7411553
            ],
            [
              -118.2629983,
              33.7404698
            ],
            [
              -118.2617385,
              33.7383987
            ],
            [
              -118.2614702,
              33.7378635
            ],
            [
              -118.261473,
              33.7364899
            ],
            [
              -118.2614691,
              33.7342108
            ],
            [
              -118.2630528,
              33.7342453
            ],
            [
              -118.263158,
              33.7339728
            ],
            [
              -118.2631901,
              33.7323323
            ],
            [
              -118.2635334,
              33.7319683
            ],
            [
              -118.2635431,
              33.7315456
            ],
            [
              -118.2613072,
              33.7321473
            ],
            [
              -118.2611731,
              33.7318305
            ],
            [
              -118.2605749,
              33.7315628
            ],
            [
              -118.2604388,
              33.7312126
            ]
          ]
        ]
      }
    },
    {
      "type": "Feature",
      "properties": {
        "zone_id": "osm-way-667263478",
        "zone_type": "berth",
        "authority": "OSM",
        "source_ref": "https://www.openstreetmap.org/way/667263478",
        "name": "China Shipping Container Terminal",
        "operator": null,
        "osm_operator_tag": null
      },
      "geometry": {
        "type": "Polygon",
        "coordinates": [
          [
            [
              -118.2890375,
              33.7546223
            ],
            [
              -118.2890151,
              33.7545311
            ],
            [
              -118.2889707,
              33.7544668
            ],
            [
              -118.2886222,
              33.7544575
            ],
            [
              -118.288445,
              33.754469
            ],
            [
              -118.2883667,
              33.7544769
            ],
            [
              -118.2883232,
              33.7544468
            ],
            [
              -118.2882836,
              33.7543862
            ],
            [
              -118.2882848,
              33.7542596
            ],
            [
              -118.2881159,
              33.7542388
            ],
            [
              -118.2879276,
              33.754542
            ],
            [
              -118.2843838,
              33.7553596
            ],
            [
              -118.2841854,
              33.7553757
            ],
            [
              -118.283613,
              33.7553846
            ],
            [
              -118.2834694,
              33.755367
            ],
            [
              -118.2819854,
              33.7543092
            ],
            [
              -118.2818841,
              33.7542503
            ],
            [
              -118.2817832,
              33.7542158
            ],
            [
              -118.2816986,
              33.7541995
            ],
            [
              -118.2816009,
              33.7541968
            ],
            [
              -118.2814781,
              33.754207
            ],
            [
              -118.2813589,
              33.7542288
            ],
            [
              -118.278923,
              33.7546856
            ],
            [
              -118.2776705,
              33.7558215
            ],
            [
              -118.2777259,
              33.7559007
            ],
            [
              -118.2778178,
              33.7560306
            ],
            [
              -118.277664,
              33.7561661
            ],
            [
              -118.2775745,
              33.756246
            ],
            [
              -118.2772642,
              33.7563943
            ],
            [
              -118.2731856,
              33.7504362
            ],
            [
              -118.2734784,
              33.7502932
            ],
            [
              -118.273871,
              33.7501068
            ],
            [
              -118.2739092,
              33.7499471
            ],
            [
              -118.275162,
              33.7501353
            ],
            [
              -118.2753776,
              33.7502062
            ],
            [
              -118.275813,
              33.7503119
            ],
            [
              -118.2762214,
              33.750377
            ],
            [
              -118.2772101,
              33.7504342
            ],
            [
              -118.2780842,
              33.750375
            ],
            [
              -118.2786455,
              33.7502792
            ],
            [
              -118.278817,
              33.7502129
            ],
            [
              -118.2806539,
              33.7497735
            ],
            [
              -118.2809892,
              33.7499291
            ],
            [
              -118.2809671,
              33.7499797
            ],
            [
              -118.2809864,
              33.7500313
            ],
            [
              -118.2809592,
              33.7500562
            ],
            [
              -118.2808475,
              33.7500253
            ],
            [
              -118.2806876,
              33.7500153
            ],
            [
              -118.2805424,
              33.7500631
            ],
            [
              -118.2804458,
              33.7501452
            ],
            [
              -118.2803796,
              33.7502619
            ],
            [
              -118.2803687,
              33.7503856
            ],
            [
              -118.2804452,
              33.7505246
            ],
            [
              -118.2805534,
              33.750609
            ],
            [
              -118.2806562,
              33.750677
            ],
            [
              -118.2809357,
              33.7508923
            ],
            [
              -118.2810438,
              33.7510387
            ],
            [
              -118.2814714,
              33.7516589
            ],
            [
              -118.2816934,
              33.7519723
            ],
            [
              -118.2820012,
              33.7523085
            ],
            [
              -118.282404,
              33.7525958
            ],
            [
              -118.2826876,
              33.752727
            ],
            [
              -118.2830157,
              33.7528321
            ],
            [
              -118.2834357,
              33.7529029
            ],
            [
              -118.283717,
              33.7529124
            ],
            [
              -118.2840703,
              33.752885
            ],
            [
              -118.2844751,
              33.752789
            ],
            [
              -118.286189,
              33.752167
            ],
            [
              -118.2866399,
              33.752094
            ],
            [
              -118.2870501,
              33.7521003
            ],
            [
              -118.2874429,
              33.7521749
            ],
            [
              -118.2877774,
              33.7523329
            ],
            [
              -118.2880485,
              33.7525013
            ],
            [
              -118.2893302,
              33.7536233
            ],
            [
              -118.2894433,
              33.7537495
            ],
            [
              -118.2895337,
              33.7538772
            ],
            [
              -118.2895726,
              33.7539537
            ],
            [
              -118.2895682,
              33.7539784
            ],
            [
              -118.289543,
              33.7540224
            ],
            [
              -118.289626,
              33.7541657
            ],
            [
              -118.2896875,
              33.7541821
            ],
            [
              -118.2897337,
              33.75422
            ],
            [
              -118.2897918,
              33.7543933
            ],
            [
              -118.2898228,
              33.754527
            ],
            [
              -118.2898444,
              33.7547491
            ],
            [
              -118.2898376,
              33.754887
            ],
            [
              -118.2897698,
              33.7548895
            ],
            [
              -118.2895729,
              33.7548245
            ],
            [
              -118.2890898,
              33.7546616
            ],
            [
              -118.2890554,
              33.7546453
            ],
            [
              -118.2890375,
              33.7546223
            ]
          ]
        ]
      }
    },
    {
      "type": "Feature",
      "properties": {
        "zone_id": "osm-way-667288015",
        "zone_type": "berth",
        "authority": "OSM",
        "source_ref": "https://www.openstreetmap.org/way/667288015",
        "name": "Yang Ming Container Terminal",
        "operator": null,
        "osm_operator_tag": null
      },
      "geometry": {
        "type": "Polygon",
        "coordinates": [
          [
            [
              -118.2800266,
              33.7692069
            ],
            [
              -118.2800688,
              33.7690015
            ],
            [
              -118.280055,
              33.7687505
            ],
            [
              -118.279972,
              33.7683904
            ],
            [
              -118.2799261,
              33.76832
            ],
            [
              -118.2755925,
              33.7608048
            ],
            [
              -118.2774911,
              33.7587041
            ],
            [
              -118.2777341,
              33.7588547
            ],
            [
              -118.277916,
              33.7586678
            ],
            [
              -118.2780293,
              33.7587332
            ],
            [
              -118.2789507,
              33.7583652
            ],
            [
              -118.2795262,
              33.7589154
            ],
            [
              -118.279602,
              33.7589691
            ],
            [
              -118.2797376,
              33.759009
            ],
            [
              -118.2798454,
              33.7592018
            ],
            [
              -118.2806431,
              33.7588899
            ],
            [
              -118.2806788,
              33.758618
            ],
            [
              -118.2809908,
              33.7583355
            ],
            [
              -118.2811483,
              33.7582331
            ],
            [
              -118.281021,
              33.7580894
            ],
            [
              -118.2830799,
              33.7567472
            ],
            [
              -118.283097,
              33.7567273
            ],
            [
              -118.2832034,
              33.7565339
            ],
            [
              -118.2833897,
              33.756402
            ],
            [
              -118.2836817,
              33.7562056
            ],
            [
              -118.2837972,
              33.7561511
            ],
            [
              -118.2841007,
              33.7560488
            ],
            [
              -118.2877666,
              33.7551718
            ],
            [
              -118.2880105,
              33.7551428
            ],
            [
              -118.2882657,
              33.7551597
            ],
            [
              -118.2884989,
              33.7552151
            ],
            [
              -118.2885412,
              33.7552106
            ],
            [
              -118.289532,
              33.7555591
            ],
            [
              -118.2894332,
              33.7556704
            ],
            [
              -118.2895157,
              33.7557251
            ],
            [
              -118.2889902,
              33.7563444
            ],
            [
              -118.2891937,
              33.7564212
            ],
            [
              -118.2878881,
              33.7579485
            ],
            [
              -118.2875252,
              33.7583543
            ],
            [
              -118.2870478,
              33.7587574
            ],
            [
              -118.2868628,
              33.7588822
            ],
            [
              -118.2864029,
              33.7591011
            ],
            [
              -118.2859349,
              33.7592742
            ],
            [
              -118.2850988,
              33.7595098
            ],
            [
              -118.2846378,
              33.7596031
            ],
            [
              -118.2845924,
              33.7596399
            ],
            [
              -118.2841809,
              33.7600431
            ],
            [
              -118.2839702,
              33.7602165
            ],
            [
              -118.2839195,
              33.7602277
            ],
            [
              -118.2834257,
              33.760604
            ],
            [
              -118.2829985,
              33.761014
            ],
            [
              -118.2828131,
              33.7612096
            ],
            [
              -118.2820028,
              33.7621933
            ],
            [
              -118.2815545,
              33.7628886
            ],
            [
              -118.28144,
              33.7631601
            ],
            [
              -118.2809698,
              33.7640345
            ],
            [
              -118.2808924,
              33.7642108
            ],
            [
              -118.2807716,
              33.7643901
            ],
            [
              -118.2808246,
              33.7644551
            ],
            [
              -118.2807564,
              33.7646121
            ],
            [
              -118.2804061,
              33.7656456
            ],
            [
              -118.2802415,
              33.7663225
            ],
            [
              -118.2802003,
              33.7667633
            ],
            [
              -118.2802544,
              33.7674068
            ],
            [
              -118.280503,
              33.7673856
            ],
            [
              -118.280558,
              33.7677792
            ],
            [
              -118.2805635,
              33.7679799
            ],
            [
              -118.280486,
              33.7684917
            ],
            [
              -118.2803814,
              33.7687738
            ],
            [
              -118.280255,
              33.7689953
            ],
            [
              -118.2801032,
              33.7692256
            ],
            [
              -118.2800266,
              33.7692069
            ]
          ]
        ]
      }
    },
    {
      "type": "Feature",
      "properties": {
        "zone_id": "osm-way-667288516",
        "zone_type": "berth",
        "authority": "OSM",
        "source_ref": "https://www.openstreetmap.org/way/667288516",
        "name": "TraPac Container Terminal",
        "operator": "TraPac",
        "osm_operator_tag": null
      },
      "geometry": {
        "type": "Polygon",
        "coordinates": [
          [
            [
              -118.2800266,
              33.7692069
            ],
            [
              -118.2800688,
              33.7690015
            ],
            [
              -118.280055,
              33.7687505
            ],
            [
              -118.279972,
              33.7683904
            ],
            [
              -118.2799261,
              33.76832
            ],
            [
              -118.2793119,
              33.7686838
            ],
            [
              -118.2786143,
              33.7690623
            ],
            [
              -118.2784986,
              33.7688769
            ],
            [
              -118.2776107,
              33.7670053
            ],
            [
              -118.2773407,
              33.7662364
            ],
            [
              -118.2706531,
              33.7670363
            ],
            [
              -118.2740265,
              33.7582305
            ],
            [
              -118.2737118,
              33.7581447
            ],
            [
              -118.2738593,
              33.757767
            ],
            [
              -118.2738732,
              33.7577485
            ],
            [
              -118.2739542,
              33.7576867
            ],
            [
              -118.2739747,
              33.7576635
            ],
            [
              -118.2739901,
              33.7576403
            ],
            [
              -118.2740055,
              33.7576136
            ],
            [
              -118.2740158,
              33.7575912
            ],
            [
              -118.2740261,
              33.7575638
            ],
            [
              -118.2740339,
              33.7575322
            ],
            [
              -118.2740368,
              33.7575136
            ],
            [
              -118.2740372,
              33.7574971
            ],
            [
              -118.2740364,
              33.7574868
            ],
            [
              -118.2740331,
              33.75747
            ],
            [
              -118.2740061,
              33.7574262
            ],
            [
              -118.2739499,
              33.757451
            ],
            [
              -118.273939,
              33.7574869
            ],
            [
              -118.2729396,
              33.7572133
            ],
            [
              -118.2728202,
              33.75717
            ],
            [
              -118.2726398,
              33.7571316
            ],
            [
              -118.2721488,
              33.7569969
            ],
            [
              -118.272129,
              33.7570534
            ],
            [
              -118.2719606,
              33.7570083
            ],
            [
              -118.2719355,
              33.7570785
            ],
            [
              -118.2717497,
              33.757192
            ],
            [
              -118.2715607,
              33.7576288
            ],
            [
              -118.2713602,
              33.7579901
            ],
            [
              -118.2714033,
              33.7580199
            ],
            [
              -118.2712591,
              33.7581673
            ],
            [
              -118.2712226,
              33.7582215
            ],
            [
              -118.2711491,
              33.7583388
            ],
            [
              -118.2710511,
              33.7584881
            ],
            [
              -118.2708738,
              33.7588102
            ],
            [
              -118.2705021,
              33.7592604
            ],
            [
              -118.2668024,
              33.7632126
            ],
            [
              -118.2667329,
              33.7633326
            ],
            [
              -118.2662659,
              33.7639338
            ],
            [
              -118.2661678,
              33.7641144
            ],
            [
              -118.2660559,
              33.7642723
            ],
            [
              -118.2658933,
              33.7644628
            ],
            [
              -118.2651391,
              33.7652051
            ],
            [
              -118.2649859,
              33.7653236
            ],
            [
              -118.2642785,
              33.7658484
            ],
            [
              -118.2643948,
              33.7664641
            ],
            [
              -118.2648397,
              33.7668635
            ],
            [
              -118.2649275,
              33.767323
            ],
            [
              -118.2650448,
              33.7675444
            ],
            [
              -118.2651706,
              33.7677143
            ],
            [
              -118.2653229,
              33.7678666
            ],
            [
              -118.2654889,
              33.7679863
            ],
            [
              -118.265648,
              33.7680818
            ],
            [
              -118.2658749,
              33.7681985
            ],
            [
              -118.2662419,
              33.7683258
            ],
            [
              -118.2667216,
              33.7684513
            ],
            [
              -118.2671279,
              33.7685997
            ],
            [
              -118.267399,
              33.7687232
            ],
            [
              -118.2675575,
              33.768831
            ],
            [
              -118.267914,
              33.7691527
            ],
            [
              -118.2688188,
              33.7699924
            ],
            [
              -118.2689856,
              33.7701318
            ],
            [
              -118.269264,
              33.7702965
            ],
            [
              -118.2696102,
              33.7704282
            ],
            [
              -118.2698561,
              33.7704923
            ],
            [
              -118.2702173,
              33.7705362
            ],
            [
              -118.270472,
              33.7705364
            ],
            [
              -118.2758927,
              33.7702759
            ],
            [
              -118.2759147,
              33.7701844
            ],
            [
              -118.2761254,
              33.7702327
            ],
            [
              -118.2766019,
              33.770195
            ],
            [
              -118.2768119,
              33.7702296
            ],
            [
              -118.2785226,
              33.770118
            ],
            [
              -118.2788416,
              33.7700705
            ],
            [
              -118.2791512,
              33.7699651
            ],
            [
              -118.2793862,
              33.7698575
            ],
            [
              -118.279585,
              33.7697363
            ],
            [
              -118.2797888,
              33.7695697
            ],
            [
              -118.2799358,
              33.7693729
            ],
            [
              -118.2800266,
              33.7692069
            ]
          ]
        ]
      }
    },
    {
      "type": "Feature",
      "properties": {
        "zone_id": "osm-way-867345389",
        "zone_type": "berth",
        "authority": "OSM",
        "source_ref": "https://www.openstreetmap.org/way/867345389",
        "name": "Public Dock",
        "operator": null,
        "osm_operator_tag": null
      },
      "geometry": {
        "type": "Polygon",
        "coordinates": [
          [
            [
              -118.2786344,
              33.7382263
            ],
            [
              -118.2784245,
              33.7384432
            ],
            [
              -118.2783681,
              33.7384055
            ],
            [
              -118.278578,
              33.7381885
            ],
            [
              -118.2786344,
              33.7382263
            ]
          ]
        ]
      }
    },
    {
      "type": "Feature",
      "properties": {
        "zone_id": "osm-way-867345405",
        "zone_type": "berth",
        "authority": "OSM",
        "source_ref": "https://www.openstreetmap.org/way/867345405",
        "name": "Crowley Tugboats",
        "operator": null,
        "osm_operator_tag": null
      },
      "geometry": {
        "type": "Polygon",
        "coordinates": [
          [
            [
              -118.2786232,
              33.7402121
            ],
            [
              -118.2785815,
              33.7401548
            ],
            [
              -118.2783523,
              33.7400865
            ],
            [
              -118.2782922,
              33.740116
            ],
            [
              -118.2782547,
              33.7403319
            ],
            [
              -118.2781796,
              33.7403613
            ],
            [
              -118.2781616,
              33.7403591
            ],
            [
              -118.278271,
              33.7397498
            ],
            [
              -118.2783419,
              33.7397586
            ],
            [
              -118.2783062,
              33.739959
            ],
            [
              -118.2783405,
              33.7400062
            ],
            [
              -118.2786388,
              33.7400856
            ],
            [
              -118.2787015,
              33.7401726
            ],
            [
              -118.2786232,
              33.7402121
            ]
          ]
        ]
      }
    },
    {
      "type": "Feature",
      "properties": {
        "zone_id": "osm-way-1167695510",
        "zone_type": "berth",
        "authority": "OSM",
        "source_ref": "https://www.openstreetmap.org/way/1167695510",
        "name": null,
        "operator": null,
        "osm_operator_tag": null
      },
      "geometry": {
        "type": "Polygon",
        "coordinates": [
          [
            [
              -118.2749059,
              33.7293866
            ],
            [
              -118.2744749,
              33.7291074
            ],
            [
              -118.2744073,
              33.729063
            ],
            [
              -118.2743496,
              33.7290259
            ],
            [
              -118.2742626,
              33.7291174
            ],
            [
              -118.2743248,
              33.7291592
            ],
            [
              -118.2746695,
              33.7293823
            ],
            [
              -118.2747407,
              33.7294285
            ],
            [
              -118.274819,
              33.7294793
            ],
            [
              -118.2749059,
              33.7293866
            ]
          ]
        ]
      }
    },
    {
      "type": "Feature",
      "properties": {
        "zone_id": "osm-way-1167695511",
        "zone_type": "berth",
        "authority": "OSM",
        "source_ref": "https://www.openstreetmap.org/way/1167695511",
        "name": null,
        "operator": null,
        "osm_operator_tag": null
      },
      "geometry": {
        "type": "Polygon",
        "coordinates": [
          [
            [
              -118.2746695,
              33.7293823
            ],
            [
              -118.2745324,
              33.7294414
            ],
            [
              -118.2745117,
              33.729408
            ],
            [
              -118.2744289,
              33.7294436
            ],
            [
              -118.2742804,
              33.7292049
            ],
            [
              -118.2743248,
              33.7291592
            ],
            [
              -118.2742626,
              33.7291174
            ],
            [
              -118.2742032,
              33.7291786
            ],
            [
              -118.2744202,
              33.729556
            ],
            [
              -118.2747407,
              33.7294285
            ],
            [
              -118.2746695,
              33.7293823
            ]
          ]
        ]
      }
    },
    {
      "type": "Feature",
      "properties": {
        "zone_id": "osm-way-1167695512",
        "zone_type": "berth",
        "authority": "OSM",
        "source_ref": "https://www.openstreetmap.org/way/1167695512",
        "name": null,
        "operator": null,
        "osm_operator_tag": null
      },
      "geometry": {
        "type": "Polygon",
        "coordinates": [
          [
            [
              -118.2748018,
              33.7285006
            ],
            [
              -118.2747562,
              33.7284724
            ],
            [
              -118.2746103,
              33.7286258
            ],
            [
              -118.2746546,
              33.7286549
            ],
            [
              -118.2748018,
              33.7285006
            ]
          ]
        ]
      }
    },
    {
      "type": "Feature",
      "properties": {
        "zone_id": "osm-way-1167695513",
        "zone_type": "berth",
        "authority": "OSM",
        "source_ref": "https://www.openstreetmap.org/way/1167695513",
        "name": null,
        "operator": null,
        "osm_operator_tag": null
      },
      "geometry": {
        "type": "Polygon",
        "coordinates": [
          [
            [
              -118.2746406,
              33.7284015
            ],
            [
              -118.2745893,
              33.7283695
            ],
            [
              -118.2744422,
              33.7285278
            ],
            [
              -118.2744912,
              33.7285588
            ],
            [
              -118.2746406,
              33.7284015
            ]
          ]
        ]
      }
    },
    {
      "type": "Feature",
      "properties": {
        "zone_id": "osm-way-1167695558",
        "zone_type": "berth",
        "authority": "OSM",
        "source_ref": "https://www.openstreetmap.org/way/1167695558",
        "name": null,
        "operator": null,
        "osm_operator_tag": null
      },
      "geometry": {
        "type": "Polygon",
        "coordinates": [
          [
            [
              -118.2714715,
              33.7211806
            ],
            [
              -118.2712562,
              33.7212373
            ],
            [
              -118.2714209,
              33.7216703
            ],
            [
              -118.2714578,
              33.7216606
            ],
            [
              -118.2713155,
              33.7212863
            ],
            [
              -118.2714938,
              33.7212394
            ],
            [
              -118.2714715,
              33.7211806
            ]
          ]
        ]
      }
    },
    {
      "type": "Feature",
      "properties": {
        "zone_id": "osm-relation-9256990",
        "zone_type": "berth",
        "authority": "OSM",
        "source_ref": "https://www.openstreetmap.org/relation/9256990",
        "name": "Pier 400",
        "operator": "APM",
        "osm_operator_tag": null
      },
      "geometry": {
        "type": "Polygon",
        "coordinates": [
          [
            [
              -118.2511261,
              33.7235319
            ],
            [
              -118.2485426,
              33.7198911
            ],
            [
              -118.2475091,
              33.7184213
            ],
            [
              -118.2476533,
              33.7183841
            ],
            [
              -118.2477789,
              33.7183485
            ],
            [
              -118.253896,
              33.7166129
            ],
            [
              -118.2539573,
              33.7163161
            ],
            [
              -118.2575355,
              33.7168295
            ],
            [
              -118.257649,
              33.716863
            ],
            [
              -118.2577304,
              33.7169134
            ],
            [
              -118.2577739,
              33.7170038
            ],
            [
              -118.259743,
              33.7222497
            ],
            [
              -118.2602421,
              33.7235794
            ],
            [
              -118.2602634,
              33.7236378
            ],
            [
              -118.2602856,
              33.723718
            ],
            [
              -118.2601705,
              33.7239649
            ],
            [
              -118.2601497,
              33.7239603
            ],
            [
              -118.2601297,
              33.7240031
            ],
            [
              -118.2602667,
              33.724044
            ],
            [
              -118.2604644,
              33.724103
            ],
            [
              -118.2582243,
              33.7289215
            ],
            [
              -118.2417333,
              33.7337231
            ],
            [
              -118.2416103,
              33.7334352
            ],
            [
              -118.2415829,
              33.7333694
            ],
            [
              -118.2407961,
              33.7336252
            ],
            [
              -118.2406191,
              33.7331255
            ],
            [
              -118.2402704,
              33.7332371
            ],
            [
              -118.2387689,
              33.7296841
            ],
            [
              -118.2381783,
              33.7299045
            ],
            [
              -118.2372449,
              33.7277585
            ],
            [
              -118.2428829,
              33.7261211
            ],
            [
              -118.2474954,
              33.7246884
            ],
            [
              -118.2511089,
              33.7236104
            ],
            [
              -118.2511346,
              33.7235748
            ],
            [
              -118.2511261,
              33.7235319
            ]
          ]
        ]
      }
    },
    {
      "type": "Feature",
      "properties": {
        "zone_id": "osm-relation-14285488",
        "zone_type": "berth",
        "authority": "OSM",
        "source_ref": "https://www.openstreetmap.org/relation/14285488",
        "name": "Evergreen Container Terminal",
        "operator": null,
        "osm_operator_tag": null
      },
      "geometry": {
        "type": "Polygon",
        "coordinates": [
          [
            [
              -118.2742522,
              33.7359688
            ],
            [
              -118.2744699,
              33.7359602
            ],
            [
              -118.2747491,
              33.7406825
            ],
            [
              -118.2699941,
              33.7486045
            ],
            [
              -118.2685915,
              33.7496406
            ],
            [
              -118.26782,
              33.7489188
            ],
            [
              -118.2672714,
              33.7493014
            ],
            [
              -118.2671841,
              33.7492241
            ],
            [
              -118.2664433,
              33.7497825
            ],
            [
              -118.2657945,
              33.7491876
            ],
            [
              -118.2656792,
              33.7490616
            ],
            [
              -118.2661268,
              33.7487599
            ],
            [
              -118.2661846,
              33.7486055
            ],
            [
              -118.2661995,
              33.7485716
            ],
            [
              -118.2662015,
              33.7485102
            ],
            [
              -118.2657831,
              33.7480893
            ],
            [
              -118.2659259,
              33.7478356
            ],
            [
              -118.2658327,
              33.7477966
            ],
            [
              -118.2659821,
              33.7475188
            ],
            [
              -118.2662575,
              33.7470613
            ],
            [
              -118.2662852,
              33.7470729
            ],
            [
              -118.2663288,
              33.7470004
            ],
            [
              -118.2664859,
              33.7467461
            ],
            [
              -118.2665475,
              33.7467706
            ],
            [
              -118.2668567,
              33.7462437
            ],
            [
              -118.2669237,
              33.7461066
            ],
            [
              -118.2669774,
              33.7459795
            ],
            [
              -118.2670257,
              33.7458445
            ],
            [
              -118.2670659,
              33.7456873
            ],
            [
              -118.267086,
              33.7455613
            ],
            [
              -118.2671081,
              33.7453934
            ],
            [
              -118.2670129,
              33.7453884
            ],
            [
              -118.2670096,
              33.7452981
            ],
            [
              -118.2670109,
              33.7451219
            ],
            [
              -118.2669961,
              33.7449502
            ],
            [
              -118.2669653,
              33.7448041
            ],
            [
              -118.2669224,
              33.7446535
            ],
            [
              -118.2668714,
              33.7445342
            ],
            [
              -118.2669747,
              33.7445041
            ],
            [
              -118.2667963,
              33.7441417
            ],
            [
              -118.2664838,
              33.7436042
            ],
            [
              -118.266174,
              33.7430527
            ],
            [
              -118.2664775,
              33.7429318
            ],
            [
              -118.2658468,
              33.7418266
            ],
            [
              -118.2692579,
              33.7404526
            ],
            [
              -118.2697223,
              33.7402587
            ],
            [
              -118.2696874,
              33.740194
            ],
            [
              -118.2713772,
              33.7395115
            ],
            [
              -118.2716723,
              33.7393509
            ],
            [
              -118.2718466,
              33.7392149
            ],
            [
              -118.2720505,
              33.7389606
            ],
            [
              -118.2721685,
              33.7386929
            ],
            [
              -118.2722275,
              33.738403
            ],
            [
              -118.2721846,
              33.7380773
            ],
            [
              -118.272029,
              33.7377517
            ],
            [
              -118.2717501,
              33.7373703
            ],
            [
              -118.2718681,
              33.737223
            ],
            [
              -118.2717892,
              33.7371078
            ],
            [
              -118.2719292,
              33.737038
            ],
            [
              -118.2719962,
              33.7370247
            ],
            [
              -118.2728944,
              33.7370094
            ],
            [
              -118.273568,
              33.7369979
            ],
            [
              -118.2735787,
              33.7371161
            ],
            [
              -118.2737263,
              33.7371072
            ],
            [
              -118.2737214,
              33.7369874
            ],
            [
              -118.2737066,
              33.7363154
            ],
            [
              -118.2736874,
              33.7359847
            ],
            [
              -118.2742522,
              33.7359688
            ]
          ]
        ]
      }
    },
    {
      "type": "Feature",
      "properties": {
        "zone_id": "osm-relation-14285489",
        "zone_type": "berth",
        "authority": "OSM",
        "source_ref": "https://www.openstreetmap.org/relation/14285489",
        "name": "Yusen Container Terminal",
        "operator": "YTI",
        "osm_operator_tag": null
      },
      "geometry": {
        "type": "Polygon",
        "coordinates": [
          [
            [
              -118.2685915,
              33.7496406
            ],
            [
              -118.2660716,
              33.751502
            ],
            [
              -118.2614024,
              33.755691
            ],
            [
              -118.2577975,
              33.7595372
            ],
            [
              -118.2545195,
              33.760712
            ],
            [
              -118.2543784,
              33.7604453
            ],
            [
              -118.2527697,
              33.7572027
            ],
            [
              -118.2519735,
              33.7559009
            ],
            [
              -118.2571162,
              33.7540125
            ],
            [
              -118.2643272,
              33.7506257
            ],
            [
              -118.2650135,
              33.7496781
            ],
            [
              -118.2654786,
              33.7493687
            ],
            [
              -118.2655498,
              33.7493213
            ],
            [
              -118.2652975,
              33.748969
            ],
            [
              -118.2654418,
              33.748999
            ],
            [
              -118.2655528,
              33.7489594
            ],
            [
              -118.2656792,
              33.7490616
            ],
            [
              -118.2657945,
              33.7491876
            ],
            [
              -118.2664433,
              33.7497825
            ],
            [
              -118.2671841,
              33.7492241
            ],
            [
              -118.2672714,
              33.7493014
            ],
            [
              -118.26782,
              33.7489188
            ],
            [
              -118.2685915,
              33.7496406
            ]
          ]
        ]
      }
    },
    {
      "type": "Feature",
      "properties": {
        "zone_id": "osm-relation-14285491",
        "zone_type": "berth",
        "authority": "OSM",
        "source_ref": "https://www.openstreetmap.org/relation/14285491",
        "name": "Berths 206-209",
        "operator": null,
        "osm_operator_tag": null
      },
      "geometry": {
        "type": "Polygon",
        "coordinates": [
          [
            [
              -118.2520013,
              33.761402
            ],
            [
              -118.2520826,
              33.7615683
            ],
            [
              -118.2454475,
              33.7639028
            ],
            [
              -118.2453594,
              33.7637276
            ],
            [
              -118.2454069,
              33.7637115
            ],
            [
              -118.2434709,
              33.7613904
            ],
            [
              -118.2427982,
              33.7605429
            ],
            [
              -118.2429122,
              33.760492
            ],
            [
              -118.2433313,
              33.7600689
            ],
            [
              -118.243537,
              33.7599256
            ],
            [
              -118.2443053,
              33.7594926
            ],
            [
              -118.2447815,
              33.7593239
            ],
            [
              -118.2450462,
              33.7592198
            ],
            [
              -118.2502382,
              33.7574053
            ],
            [
              -118.250635,
              33.7581741
            ],
            [
              -118.2505429,
              33.7582086
            ],
            [
              -118.2504163,
              33.7582698
            ],
            [
              -118.2503438,
              33.7583177
            ],
            [
              -118.2502315,
              33.7584377
            ],
            [
              -118.2507011,
              33.7593501
            ],
            [
              -118.2511548,
              33.7591883
            ],
            [
              -118.2517738,
              33.7604385
            ],
            [
              -118.251539,
              33.7605189
            ],
            [
              -118.2520013,
              33.761402
            ]
          ]
        ]
      }
    },
    {
      "type": "Feature",
      "properties": {
        "zone_id": "noaa-breakwater-unnamed-breakwater-1",
        "zone_type": "harbor",
        "authority": "NOAA",
        "source_ref": "NOAA ENC US5LGBCD, SLCONS CATSLC=1 (Breakwater)",
        "name": "Unnamed Breakwater 1",
        "geometry_note": "Polygon is a 20 m nominal-width buffer around the ENC breakwater centerline -- the source data has no surveyed width (HORWID) for this feature."
      },
      "geometry": {
        "type": "Polygon",
        "coordinates": [
          [
            [
              -118.25122506747438,
              33.74495701347648
            ],
            [
              -118.25122003441446,
              33.744959148167446
            ],
            [
              -118.25005912588232,
              33.74542003610671
            ],
            [
              -118.24878579247446,
              33.74766994435474
            ],
            [
              -118.24859060761092,
              33.74759285556586
            ],
            [
              -118.24988040968252,
              33.74531385652617
            ],
            [
              -118.24988538855283,
              33.74530606987924
            ],
            [
              -118.24989125493917,
              33.745298727225006
            ],
            [
              -118.24989795262249,
              33.74529189892968
            ],
            [
              -118.24990541741717,
              33.745285650430326
            ],
            [
              -118.24991357778637,
              33.745280041607685
            ],
            [
              -118.24992235552736,
              33.74527512621229
            ],
            [
              -118.24993166652106,
              33.74527095134944
            ],
            [
              -118.2511248157326,
              33.7447972641719
            ],
            [
              -118.2520117320669,
              33.74439638687731
            ],
            [
              -118.25211446802939,
              33.74455501309815
            ],
            [
              -118.25122506747438,
              33.74495701347648
            ]
          ]
        ]
      }
    },
    {
      "type": "Feature",
      "properties": {
        "zone_id": "noaa-breakwater-middle-breakwater",
        "zone_type": "harbor",
        "authority": "NOAA",
        "source_ref": "NOAA ENC US5LGBCD, SLCONS CATSLC=1 (Breakwater)",
        "name": "Middle Breakwater",
        "geometry_note": "Polygon is a 20 m nominal-width buffer around the ENC breakwater centerline -- the source data has no surveyed width (HORWID) for this feature."
      },
      "geometry": {
        "type": "Polygon",
        "coordinates": [
          [
            [
              -118.20000017499582,
              33.72324133836152
            ],
            [
              -118.19999978857017,
              33.72307652065884
            ],
            [
              -118.20139988710577,
              33.723074220693334
            ],
            [
              -118.20199889047275,
              33.72307332070065
            ],
            [
              -118.20234347494811,
              33.72307272073556
            ],
            [
              -118.20254797195372,
              33.723072420739776
            ],
            [
              -118.20264483338316,
              33.72307222082159
            ],
            [
              -118.2026463249841,
              33.72307222635596
            ],
            [
              -118.20272011691823,
              33.72307292628116
            ],
            [
              -118.20297650870646,
              33.72307532621022
            ],
            [
              -118.2032945363551,
              33.72307832459254
            ],
            [
              -118.20330945528076,
              33.72307842339372
            ],
            [
              -118.20332171462576,
              33.723079088892845
            ],
            [
              -118.20336081458551,
              33.72308308888962
            ],
            [
              -118.20336106021315,
              33.723083114256646
            ],
            [
              -118.20336372011187,
              33.7230833915437
            ],
            [
              -118.20337616873213,
              33.723080136300275
            ],
            [
              -118.20338717977374,
              33.723077781029026
            ],
            [
              -118.2033984261903,
              33.72307640650405
            ],
            [
              -118.20340978323642,
              33.723076027971615
            ],
            [
              -118.20358649155534,
              33.723077920568116
            ],
            [
              -118.20358784526924,
              33.723077920568144
            ],
            [
              -118.20367259046526,
              33.72307732377276
            ],
            [
              -118.20423621245342,
              33.72307352363163
            ],
            [
              -118.20449219844845,
              33.72307173143794
            ],
            [
              -118.20450360161618,
              33.72307145776212
            ],
            [
              -118.20450723225689,
              33.72307142168592
            ],
            [
              -118.20543013129131,
              33.723075221703226
            ],
            [
              -118.20567142462968,
              33.72307621509589
            ],
            [
              -118.2057035181231,
              33.72307554846598
            ],
            [
              -118.2057062000029,
              33.72307552061682
            ],
            [
              -118.20570906055639,
              33.723075520616895
            ],
            [
              -118.2057897210307,
              33.723075221506896
            ],
            [
              -118.20590572536378,
              33.72307482149024
            ],
            [
              -118.20623879578596,
              33.723073521613294
            ],
            [
              -118.20634330558919,
              33.7230731215778
            ],
            [
              -118.2063863134709,
              33.72307298901078
            ],
            [
              -118.20643510567253,
              33.72305547748125
            ],
            [
              -118.20647600189106,
              33.7230407149473
            ],
            [
              -118.20648483321659,
              33.72303790369437
            ],
            [
              -118.20649392500705,
              33.72303574881459
            ],
            [
              -118.20656162494285,
              33.72302234882947
            ],
            [
              -118.20656184008425,
              33.72302230644043
            ],
            [
              -118.20660314004502,
              33.723014206449434
            ],
            [
              -118.20660714122104,
              33.72301348831483
            ],
            [
              -118.20668037523225,
              33.72300155328937
            ],
            [
              -118.20673763232666,
              33.722974735445
            ],
            [
              -118.206746588961,
              33.722970985767006
            ],
            [
              -118.20675592310243,
              33.72296794623021
            ],
            [
              -118.20676555432132,
              33.722965643025404
            ],
            [
              -118.20677539962821,
              33.72296409599867
            ],
            [
              -118.20684750580956,
              33.72295563910528
            ],
            [
              -118.20689641841224,
              33.72294285088919
            ],
            [
              -118.20695074617484,
              33.72292633296053
            ],
            [
              -118.20696856641351,
              33.72292083057308
            ],
            [
              -118.20702929972073,
              33.72288745462271
            ],
            [
              -118.20703908328888,
              33.722882673294706
            ],
            [
              -118.2070494130026,
              33.72287877572761
            ],
            [
              -118.20706017492998,
              33.72287580490969
            ],
            [
              -118.20707125037214,
              33.722873793607654
            ],
            [
              -118.20712176786523,
              33.72286691788257
            ],
            [
              -118.20713669481573,
              33.72285270858578
            ],
            [
              -118.2071448433083,
              33.72284496246338
            ],
            [
              -118.20715203528036,
              33.72283875279181
            ],
            [
              -118.20715990552623,
              33.72283314685491
            ],
            [
              -118.20716838177603,
              33.722828196130045
            ],
            [
              -118.20717738619527,
              33.722823946077966
            ],
            [
              -118.2071868360995,
              33.72282043572538
            ],
            [
              -118.20720563608431,
              33.722814335731606
            ],
            [
              -118.20720592208019,
              33.72281424332553
            ],
            [
              -118.20722887410695,
              33.72280685876195
            ],
            [
              -118.207447325992,
              33.7227363743011
            ],
            [
              -118.20745365077575,
              33.72273452002299
            ],
            [
              -118.20765250162347,
              33.72268195693835
            ],
            [
              -118.20771331126912,
              33.72265795788336
            ],
            [
              -118.20784178346302,
              33.72260726886712
            ],
            [
              -118.20785034549723,
              33.722603883877746
            ],
            [
              -118.20786132695702,
              33.722599551708605
            ],
            [
              -118.20786838619482,
              33.72259701952967
            ],
            [
              -118.20855728563772,
              33.72237381975697
            ],
            [
              -118.2087740986024,
              33.72230361557167
            ],
            [
              -118.20931769047135,
              33.72212751824266
            ],
            [
              -118.20931889782375,
              33.72212713404623
            ],
            [
              -118.20933489781058,
              33.72212213405138
            ],
            [
              -118.20941722197753,
              33.722096426507136
            ],
            [
              -118.2095517270826,
              33.72205452489556
            ],
            [
              -118.20957975147428,
              33.72204575535998
            ],
            [
              -118.2096699630947,
              33.72201529045816
            ],
            [
              -118.20993417151176,
              33.721926087635524
            ],
            [
              -118.20994355452989,
              33.72192333270777
            ],
            [
              -118.21006451596115,
              33.72189297187828
            ],
            [
              -118.21009546181743,
              33.72188265659439
            ],
            [
              -118.21058556127116,
              33.721718790247834
            ],
            [
              -118.21061981368953,
              33.721707306203385
            ],
            [
              -118.21125515246374,
              33.72149489741314
            ],
            [
              -118.21137825282366,
              33.72144321850013
            ],
            [
              -118.2113887855885,
              33.72143936931583
            ],
            [
              -118.21139974858663,
              33.721436478209746
            ],
            [
              -118.21153198048442,
              33.721407979964816
            ],
            [
              -118.21184490188186,
              33.72130184518517
            ],
            [
              -118.21229099086023,
              33.72115044895906
            ],
            [
              -118.21230262368651,
              33.721147132223464
            ],
            [
              -118.21231463239482,
              33.72114494234295
            ],
            [
              -118.21235961940087,
              33.721138957376574
            ],
            [
              -118.21239564868765,
              33.72113409865806
            ],
            [
              -118.2125784080611,
              33.72107214313889
            ],
            [
              -118.21309658505056,
              33.72089625098838
            ],
            [
              -118.21311165422057,
              33.720892183734875
            ],
            [
              -118.21317845415759,
              33.72087858374992
            ],
            [
              -118.2131786075606,
              33.72087855261743
            ],
            [
              -118.21320836933658,
              33.72087253184717
            ],
            [
              -118.21328355108014,
              33.72083837393661
            ],
            [
              -118.2133398038014,
              33.72081285000724
            ],
            [
              -118.21335035090505,
              33.720808664976836
            ],
            [
              -118.21336137733365,
              33.72080545658774
            ],
            [
              -118.2135375513123,
              33.72076297153176
            ],
            [
              -118.21364411788676,
              33.72072257558894
            ],
            [
              -118.21372785053417,
              33.72069086322672
            ],
            [
              -118.21373337548647,
              33.72068892339957
            ],
            [
              -118.21446367489611,
              33.720452223640635
            ],
            [
              -118.21480307646537,
              33.720342223155136
            ],
            [
              -118.21480956299628,
              33.720340317177886
            ],
            [
              -118.2148727629406,
              33.72032361719558
            ],
            [
              -118.21499187842979,
              33.72029220959085
            ],
            [
              -118.21623050607977,
              33.719887611234704
            ],
            [
              -118.21648151581233,
              33.71980559817311
            ],
            [
              -118.21667922472562,
              33.719735299482174
            ],
            [
              -118.2166840026025,
              33.71973357944692
            ],
            [
              -118.21668653599342,
              33.719732699161256
            ],
            [
              -118.21670563597827,
              33.719726299167746
            ],
            [
              -118.21670585095201,
              33.71972622735824
            ],
            [
              -118.21680584619757,
              33.71969292894865
            ],
            [
              -118.21708204133847,
              33.71960093058707
            ],
            [
              -118.21708286947593,
              33.719600658041784
            ],
            [
              -118.21815256861272,
              33.719252858395826
            ],
            [
              -118.21843632954923,
              33.71916060895483
            ],
            [
              -118.21844845248322,
              33.71915582155518
            ],
            [
              -118.21859511365673,
              33.719097476798545
            ],
            [
              -118.21860415323106,
              33.71909429330064
            ],
            [
              -118.21863200805888,
              33.7190857072264
            ],
            [
              -118.21865946290909,
              33.719077221183476
            ],
            [
              -118.21896563691104,
              33.7189827983548
            ],
            [
              -118.21897525681554,
              33.718980251851725
            ],
            [
              -118.21898511930333,
              33.71897846736394
            ],
            [
              -118.21902001926868,
              33.71897356736969
            ],
            [
              -118.21902030184087,
              33.71897352801839
            ],
            [
              -118.21904516821454,
              33.71897009343822
            ],
            [
              -118.21940318264511,
              33.71885201762356
            ],
            [
              -118.21974300373527,
              33.718740010693935
            ],
            [
              -118.21975450517373,
              33.718736830586955
            ],
            [
              -118.21984900746381,
              33.71871553678401
            ],
            [
              -118.21989964709368,
              33.71869188328511
            ],
            [
              -118.21991278250867,
              33.71868668477104
            ],
            [
              -118.22057508197746,
              33.71846888499224
            ],
            [
              -118.22095418981627,
              33.71834428244069
            ],
            [
              -118.22196847774175,
              33.7180106864832
            ],
            [
              -118.22196894617733,
              33.71801053346633
            ],
            [
              -118.22303822990459,
              33.717663638818706
            ],
            [
              -118.22321621434193,
              33.7176058438844
            ],
            [
              -118.22329746692317,
              33.71757952682343
            ],
            [
              -118.22361603260057,
              33.71747613798439
            ],
            [
              -118.22450244158176,
              33.71718853513063
            ],
            [
              -118.2246718618346,
              33.71713362857109
            ],
            [
              -118.22578707952879,
              33.71677178513896
            ],
            [
              -118.22578721905796,
              33.716771738629234
            ],
            [
              -118.22578813782025,
              33.716771436439195
            ],
            [
              -118.2259240377105,
              33.71672733648411
            ],
            [
              -118.22593543098158,
              33.716724235685405
            ],
            [
              -118.2260278054017,
              33.71670375816048
            ],
            [
              -118.22614746993712,
              33.71665533577367
            ],
            [
              -118.22616026964879,
              33.71665097814238
            ],
            [
              -118.22639235139104,
              33.716586107588526
            ],
            [
              -118.2264506945253,
              33.71656125609024
            ],
            [
              -118.22645085679152,
              33.716561187116255
            ],
            [
              -118.22649965675897,
              33.71654048713606
            ],
            [
              -118.22651136689662,
              33.71653622815311
            ],
            [
              -118.22652359712488,
              33.71653315509653
            ],
            [
              -118.22654577144202,
              33.716528760187565
            ],
            [
              -118.22659633492614,
              33.7165187167592
            ],
            [
              -118.22685318454103,
              33.71643251714304
            ],
            [
              -118.22723338372418,
              33.71630491744508
            ],
            [
              -118.22724297534512,
              33.71630212870107
            ],
            [
              -118.22725283819882,
              33.71630010580741
            ],
            [
              -118.22727036596217,
              33.71629723402749
            ],
            [
              -118.22733217283174,
              33.716286932889716
            ],
            [
              -118.22733679902895,
              33.71628443053801
            ],
            [
              -118.22739073483541,
              33.71625516538092
            ],
            [
              -118.22739974786384,
              33.7162507772976
            ],
            [
              -118.22740922576298,
              33.71624713692673
            ],
            [
              -118.22799462529919,
              33.71605033712573
            ],
            [
              -118.22799634357506,
              33.71604977368965
            ],
            [
              -118.22942613014412,
              33.71559267807869
            ],
            [
              -118.22961464249586,
              33.71553236610196
            ],
            [
              -118.22968326974716,
              33.71550965564342
            ],
            [
              -118.23013760146786,
              33.715359445183445
            ],
            [
              -118.23014614657639,
              33.71535696085448
            ],
            [
              -118.2301838465427,
              33.71534746086463
            ],
            [
              -118.23024650404736,
              33.71533170847226
            ],
            [
              -118.23031724241443,
              33.71530253338908
            ],
            [
              -118.23032634457765,
              33.71529920554092
            ],
            [
              -118.23052226768237,
              33.715236385476715
            ],
            [
              -118.23056567533949,
              33.71521192818457
            ],
            [
              -118.23056583336349,
              33.715211839318066
            ],
            [
              -118.23058133335657,
              33.71520313932568
            ],
            [
              -118.2305900581659,
              33.71519872726203
            ],
            [
              -118.2305992423938,
              33.71519502317161
            ],
            [
              -118.23060880401736,
              33.715192060135045
            ],
            [
              -118.23061865764326,
              33.71518986461472
            ],
            [
              -118.23062871527043,
              33.71518845621846
            ],
            [
              -118.2306842076489,
              33.71518292302335
            ],
            [
              -118.23097235203791,
              33.715088629926605
            ],
            [
              -118.23112605123383,
              33.71503833020047
            ],
            [
              -118.23127721301061,
              33.71498887174982
            ],
            [
              -118.23180577124143,
              33.71480832516386
            ],
            [
              -118.23181233396159,
              33.71480628844329
            ],
            [
              -118.23208532571635,
              33.71472989076498
            ],
            [
              -118.23208688681154,
              33.71472945365846
            ],
            [
              -118.23225117771402,
              33.71467296339993
            ],
            [
              -118.23225241675108,
              33.71467252609282
            ],
            [
              -118.23225490374813,
              33.71467167865016
            ],
            [
              -118.23251290251645,
              33.71458687907314
            ],
            [
              -118.23255356595205,
              33.71457351285465
            ],
            [
              -118.23262348397887,
              33.7145470521706
            ],
            [
              -118.23262382185219,
              33.71454692488517
            ],
            [
              -118.23263022184744,
              33.71454452488754
            ],
            [
              -118.23263714645756,
              33.7145421654983
            ],
            [
              -118.23290712783147,
              33.714459171240804
            ],
            [
              -118.23302937960268,
              33.7144215477236
            ],
            [
              -118.23311544432367,
              33.71439256474678
            ],
            [
              -118.2331326210966,
              33.714386772580426
            ],
            [
              -118.23313276659326,
              33.71438672362032
            ],
            [
              -118.23333552664424,
              33.71431863705011
            ],
            [
              -118.23361328664346,
              33.71422515053376
            ],
            [
              -118.23361541539245,
              33.714224455852666
            ],
            [
              -118.23371057808455,
              33.71419436765477
            ],
            [
              -118.2340712405687,
              33.7140800795665
            ],
            [
              -118.23447557973822,
              33.713952020557066
            ],
            [
              -118.23458759177868,
              33.713914881820756
            ],
            [
              -118.23474187821157,
              33.71386368633368
            ],
            [
              -118.23501378584176,
              33.7137734838216
            ],
            [
              -118.23520427408633,
              33.71371028773524
            ],
            [
              -118.23535066325451,
              33.71366169134158
            ],
            [
              -118.23567598451548,
              33.71355378430889
            ],
            [
              -118.236410676836,
              33.713309986909984
            ],
            [
              -118.236412416572,
              33.71330942409621
            ],
            [
              -118.23717393709961,
              33.71306936986195
            ],
            [
              -118.2374676626408,
              33.7129724254925
            ],
            [
              -118.23785388037204,
              33.712845019669196
            ],
            [
              -118.23785517413286,
              33.712844600893376
            ],
            [
              -118.23847699685047,
              33.71264715436773
            ],
            [
              -118.23860139627376,
              33.71259644809178
            ],
            [
              -118.23861223087586,
              33.712592627608466
            ],
            [
              -118.23889813063624,
              33.71250682769728
            ],
            [
              -118.2389044288894,
              33.71250511798624
            ],
            [
              -118.23900205886095,
              33.71248135721417
            ],
            [
              -118.23910099942387,
              33.712449688561264
            ],
            [
              -118.23918218310241,
              33.71242369379278
            ],
            [
              -118.23922597649523,
              33.712409662904605
            ],
            [
              -118.23928782686606,
              33.71238017265695
            ],
            [
              -118.23929730480387,
              33.71237615700623
            ],
            [
              -118.23930720940045,
              33.71237293990713
            ],
            [
              -118.23950700922776,
              33.71231733996552
            ],
            [
              -118.23966810409804,
              33.71227251528001
            ],
            [
              -118.23997797871755,
              33.71216609171361
            ],
            [
              -118.24017387324342,
              33.71209879360934
            ],
            [
              -118.24042507269178,
              33.71201249381826
            ],
            [
              -118.24042907611812,
              33.712011195639754
            ],
            [
              -118.24088174362804,
              33.71187300558605
            ],
            [
              -118.24092990054238,
              33.71185827523941
            ],
            [
              -118.24124193326334,
              33.711746070356526
            ],
            [
              -118.24138721569065,
              33.711693776694084
            ],
            [
              -118.24139251393461,
              33.71169200688263
            ],
            [
              -118.24192910752247,
              33.711526374469834
            ],
            [
              -118.2420799377695,
              33.71146781570993
            ],
            [
              -118.24209152158893,
              33.711463981219715
            ],
            [
              -118.24210355708998,
              33.711461288238525
            ],
            [
              -118.24218553161612,
              33.7114471271915
            ],
            [
              -118.24218766105386,
              33.711446751408495
            ],
            [
              -118.24253339809498,
              33.71133916294111
            ],
            [
              -118.24282664365076,
              33.71122835719072
            ],
            [
              -118.24283014563945,
              33.71122699056131
            ],
            [
              -118.24283950397172,
              33.711223776060784
            ],
            [
              -118.24285276440372,
              33.71121981772366
            ],
            [
              -118.24294362490775,
              33.71119245973108
            ],
            [
              -118.24304376632284,
              33.71116234727498
            ],
            [
              -118.243138570312,
              33.711133837028505
            ],
            [
              -118.24332588797168,
              33.7110729538348
            ],
            [
              -118.24349562314565,
              33.71101784241989
            ],
            [
              -118.24364961971298,
              33.710967843545006
            ],
            [
              -118.24378195730628,
              33.71092486382222
            ],
            [
              -118.24382210000783,
              33.71091178249686
            ],
            [
              -118.24410113259815,
              33.710821109232285
            ],
            [
              -118.24422547653671,
              33.710771974900915
            ],
            [
              -118.24422914099695,
              33.71077059607336
            ],
            [
              -118.2444631100425,
              33.710686903809105
            ],
            [
              -118.2445143300809,
              33.71066124925788
            ],
            [
              -118.24452406564207,
              33.7106569219684
            ],
            [
              -118.24453427880805,
              33.71065344764605
            ],
            [
              -118.2445448629225,
              33.71065086257322
            ],
            [
              -118.24455570745528,
              33.71064919374587
            ],
            [
              -118.24463190218152,
              33.71064080533753
            ],
            [
              -118.24464879699302,
              33.71063891709429
            ],
            [
              -118.24464917171086,
              33.7106388757722
            ],
            [
              -118.24469107452595,
              33.71063431730903
            ],
            [
              -118.24470942108434,
              33.71063063295971
            ],
            [
              -118.24473018631969,
              33.710625553053
            ],
            [
              -118.24474018228561,
              33.7106235344098
            ],
            [
              -118.24475036279293,
              33.710622320190474
            ],
            [
              -118.24476063537429,
              33.710621921423545
            ],
            [
              -118.24477090672599,
              33.71062234173087
            ],
            [
              -118.24478108355564,
              33.71062357729491
            ],
            [
              -118.24479107342923,
              33.710625616893296
            ],
            [
              -118.2447991734217,
              33.71062761689147
            ],
            [
              -118.24480970082713,
              33.71063071942224
            ],
            [
              -118.24481978836707,
              33.71063471430276
            ],
            [
              -118.24482932808341,
              33.71063955877941
            ],
            [
              -118.244838217881,
              33.71064520100601
            ],
            [
              -118.24484636262008,
              33.71065158059886
            ],
            [
              -118.24485367513456,
              33.710658629282776
            ],
            [
              -118.24486007716487,
              33.710666271621925
            ],
            [
              -118.24486550019543,
              33.71067442582709
            ],
            [
              -118.2448672001978,
              33.71067732582571
            ],
            [
              -118.24486760615203,
              33.71067802596288
            ],
            [
              -118.24487970616978,
              33.71069912595307
            ],
            [
              -118.2448798332425,
              33.71069934832125
            ],
            [
              -118.2448859119273,
              33.710710023064586
            ],
            [
              -118.24489809247542,
              33.71072717523882
            ],
            [
              -118.24490288156309,
              33.710734709798274
            ],
            [
              -118.24490679723013,
              33.710742588871526
            ],
            [
              -118.24490980442843,
              33.71075074193559
            ],
            [
              -118.24491187624132,
              33.71075909601504
            ],
            [
              -118.2449136611708,
              33.710768516415165
            ],
            [
              -118.24491824594743,
              33.710792436835376
            ],
            [
              -118.24491949804032,
              33.7108027010325
            ],
            [
              -118.24491933907854,
              33.71081301757591
            ],
            [
              -118.24491834129469,
              33.710824891380156
            ],
            [
              -118.24491784348521,
              33.7108308651838
            ],
            [
              -118.24491779413812,
              33.71083143161621
            ],
            [
              -118.244917294145,
              33.71083693161648
            ],
            [
              -118.24491603454102,
              33.7108454257234
            ],
            [
              -118.24491381703243,
              33.71085378177045
            ],
            [
              -118.24491066159514,
              33.71086192448296
            ],
            [
              -118.24490659665439,
              33.710869780508055
            ],
            [
              -118.24490165882855,
              33.71087727907542
            ],
            [
              -118.2448958925994,
              33.710884352634885
            ],
            [
              -118.24488934991136,
              33.71089093746485
            ],
            [
              -118.24488208970347,
              33.71089697424644
            ],
            [
              -118.24487417737863,
              33.710902408597775
            ],
            [
              -118.24486568421423,
              33.71090719156393
            ],
            [
              -118.24485668672024,
              33.71091128005791
            ],
            [
              -118.24484270774566,
              33.710916931134285
            ],
            [
              -118.24477252858283,
              33.71094548198214
            ],
            [
              -118.24477218752963,
              33.71094562011334
            ],
            [
              -118.24470354200692,
              33.71097329815552
            ],
            [
              -118.24466229647427,
              33.71098997613572
            ],
            [
              -118.24465124760694,
              33.71099382730408
            ],
            [
              -118.24463975627626,
              33.7109966319108
            ],
            [
              -118.24462796392392,
              33.7109983554352
            ],
            [
              -118.24459567197815,
              33.71100154476399
            ],
            [
              -118.24448215569188,
              33.71101295028561
            ],
            [
              -118.24446962743727,
              33.7110168558549
            ],
            [
              -118.24425344261543,
              33.71108471971247
            ],
            [
              -118.2442530636814,
              33.71108483798863
            ],
            [
              -118.24424726367663,
              33.71108663799048
            ],
            [
              -118.24424011200186,
              33.71108885401538
            ],
            [
              -118.24423670558294,
              33.7110898556678
            ],
            [
              -118.24411449702264,
              33.71112388126363
            ],
            [
              -118.24401949501818,
              33.71116320855099
            ],
            [
              -118.24401042796201,
              33.711166538093785
            ],
            [
              -118.24398639419091,
              33.71117428451755
            ],
            [
              -118.24398570023246,
              33.71117451124888
            ],
            [
              -118.24336661738938,
              33.71137270579778
            ],
            [
              -118.24333318877194,
              33.7113834188288
            ],
            [
              -118.24243214918951,
              33.71167653417408
            ],
            [
              -118.24216145683344,
              33.71176463170507
            ],
            [
              -118.24174447726622,
              33.711900225093494
            ],
            [
              -118.24166142606535,
              33.71192730918522
            ],
            [
              -118.24134264992226,
              33.71203103401074
            ],
            [
              -118.24100503754183,
              33.71214083806176
            ],
            [
              -118.24069438826649,
              33.7122418890543
            ],
            [
              -118.24068813614996,
              33.71224394053047
            ],
            [
              -118.24068756488234,
              33.71224412641419
            ],
            [
              -118.23983867545716,
              33.712518023059964
            ],
            [
              -118.23960948653506,
              33.71259201949893
            ],
            [
              -118.23960936252246,
              33.71259205946443
            ],
            [
              -118.23958076249924,
              33.712601259473814
            ],
            [
              -118.23958010333443,
              33.71260146944797
            ],
            [
              -118.23949450326434,
              33.71262846947565
            ],
            [
              -118.2394389468972,
              33.71264594131593
            ],
            [
              -118.23937167913084,
              33.71266856059865
            ],
            [
              -118.23860505546283,
              33.71292616861103
            ],
            [
              -118.23850929333956,
              33.712958289474315
            ],
            [
              -118.23850750722865,
              33.712958873229205
            ],
            [
              -118.23826810703348,
              33.71303507330718
            ],
            [
              -118.2381001539281,
              33.71308839021414
            ],
            [
              -118.23767513300542,
              33.71322360146027
            ],
            [
              -118.2375461759977,
              33.71326522304179
            ],
            [
              -118.23676577318074,
              33.713517094907274
            ],
            [
              -118.23547756923588,
              33.71394266415609
            ],
            [
              -118.2354772815491,
              33.71394275879592
            ],
            [
              -118.2354598815351,
              33.71394845880174
            ],
            [
              -118.23545907462811,
              33.71394872001896
            ],
            [
              -118.23532779526326,
              33.713990713427
            ],
            [
              -118.2351951158997,
              33.7140332068266
            ],
            [
              -118.23489471256917,
              33.71412940791332
            ],
            [
              -118.23484580440856,
              33.714145062418986
            ],
            [
              -118.23443499698807,
              33.714287678998176
            ],
            [
              -118.23443489467662,
              33.71428771446512
            ],
            [
              -118.23441929466446,
              33.71429311447054
            ],
            [
              -118.23440672299468,
              33.71429672552948
            ],
            [
              -118.2344064935602,
              33.714296778475905
            ],
            [
              -118.23428449234191,
              33.71432720445463
            ],
            [
              -118.23427172696688,
              33.71433039579894
            ],
            [
              -118.23427149214831,
              33.71433045426093
            ],
            [
              -118.23425181284412,
              33.71433533342853
            ],
            [
              -118.23395619987981,
              33.714432789347654
            ],
            [
              -118.23381850729804,
              33.71447978205371
            ],
            [
              -118.2335646318322,
              33.7145664736953
            ],
            [
              -118.23337884677532,
              33.7146299686024
            ],
            [
              -118.23337562412216,
              33.71463101992205
            ],
            [
              -118.23278514490966,
              33.714814589145455
            ],
            [
              -118.23212361809324,
              33.7150255006814
            ],
            [
              -118.23207123820909,
              33.715044276562836
            ],
            [
              -118.23207108734711,
              33.71504433052671
            ],
            [
              -118.23184808717669,
              33.715123930606154
            ],
            [
              -118.23184160387393,
              33.71512604098175
            ],
            [
              -118.23178532305965,
              33.71514263532808
            ],
            [
              -118.23159895651781,
              33.715197651295156
            ],
            [
              -118.23130968747158,
              33.715301194798556
            ],
            [
              -118.23130392679023,
              33.71530309524357
            ],
            [
              -118.23097070488241,
              33.71540388767981
            ],
            [
              -118.2306377619788,
              33.71551513401499
            ],
            [
              -118.230636482124,
              33.715515553768164
            ],
            [
              -118.23030588185591,
              33.71562195387676
            ],
            [
              -118.22976008416637,
              33.71579752450203
            ],
            [
              -118.22922120165586,
              33.715975186898284
            ],
            [
              -118.22922066913901,
              33.71597536109925
            ],
            [
              -118.22806806820836,
              33.71634946148035
            ],
            [
              -118.22806773261367,
              33.7163495698648
            ],
            [
              -118.22785613653843,
              33.71641756861778
            ],
            [
              -118.22731824020073,
              33.71659046747673
            ],
            [
              -118.22673232573585,
              33.716778443847176
            ],
            [
              -118.22613047312859,
              33.71697669651532
            ],
            [
              -118.22613019927095,
              33.716976786364
            ],
            [
              -118.22525709856839,
              33.7172620866542
            ],
            [
              -118.22525063379052,
              33.71726400347243
            ],
            [
              -118.2250422986943,
              33.71731961136296
            ],
            [
              -118.22494942077064,
              33.717354746729335
            ],
            [
              -118.2248707381834,
              33.71738454014337
            ],
            [
              -118.22486515320622,
              33.71738649896089
            ],
            [
              -118.22482465317346,
              33.717399598974254
            ],
            [
              -118.22404049704703,
              33.71765312395419
            ],
            [
              -118.22391552388568,
              33.71770328788137
            ],
            [
              -118.22390205266205,
              33.71770779095519
            ],
            [
              -118.22372425780675,
              33.71775591515335
            ],
            [
              -118.22348097211483,
              33.717837930440545
            ],
            [
              -118.22348078273433,
              33.71783799410936
            ],
            [
              -118.22344657113362,
              33.717849464473616
            ],
            [
              -118.22304545918055,
              33.71798463483221
            ],
            [
              -118.2230422278245,
              33.71798567371244
            ],
            [
              -118.22245992734067,
              33.718163973896196
            ],
            [
              -118.22245926537711,
              33.71816417454254
            ],
            [
              -118.22205308405175,
              33.718286038806426
            ],
            [
              -118.22192477682995,
              33.71834249399581
            ],
            [
              -118.22191081868955,
              33.71834761848698
            ],
            [
              -118.22158502201238,
              33.71844492153313
            ],
            [
              -118.22128285673114,
              33.718552377905304
            ],
            [
              -118.22127919957445,
              33.71855361299072
            ],
            [
              -118.2210704994047,
              33.71862041305895
            ],
            [
              -118.2208649025782,
              33.71868621205706
            ],
            [
              -118.22039425722141,
              33.71883689854316
            ],
            [
              -118.22009350402165,
              33.71893518522857
            ],
            [
              -118.21992497116912,
              33.718990195971564
            ],
            [
              -118.21971338105288,
              33.719059292758566
            ],
            [
              -118.21880799240323,
              33.71935498911432
            ],
            [
              -118.21854369596008,
              33.719441355292695
            ],
            [
              -118.21796918941659,
              33.71963012462505
            ],
            [
              -118.2177353503868,
              33.71970687945616
            ],
            [
              -118.21771805762181,
              33.71971312658201
            ],
            [
              -118.21768989217627,
              33.71972337761232
            ],
            [
              -118.21768480433627,
              33.71972510206857
            ],
            [
              -118.21746091983388,
              33.71979549721012
            ],
            [
              -118.21696016858122,
              33.719953093070956
            ],
            [
              -118.21623832351013,
              33.7201889484332
            ],
            [
              -118.21596404696602,
              33.720280806632594
            ],
            [
              -118.21570892522747,
              33.720366213069966
            ],
            [
              -118.21555271524888,
              33.72042030875664
            ],
            [
              -118.21554986561654,
              33.72042125616572
            ],
            [
              -118.21491057417794,
              33.72062505347865
            ],
            [
              -118.21432871383928,
              33.72081063917875
            ],
            [
              -118.21431955710891,
              33.72081395454732
            ],
            [
              -118.21426260857757,
              33.72083486222987
            ],
            [
              -118.21426250949507,
              33.72083489855679
            ],
            [
              -118.2141314093965,
              33.72088289860439
            ],
            [
              -118.21412615185159,
              33.72088468735173
            ],
            [
              -118.21401785176275,
              33.720918787386665
            ],
            [
              -118.21346391459053,
              33.721092999119946
            ],
            [
              -118.21302698393457,
              33.72123042571762
            ],
            [
              -118.21230554557177,
              33.72146924054134
            ],
            [
              -118.21115864082935,
              33.72184884219248
            ],
            [
              -118.21106736048353,
              33.72187903569978
            ],
            [
              -118.21093680033688,
              33.7219223224958
            ],
            [
              -118.2109342240285,
              33.721923144980174
            ],
            [
              -118.21073622386416,
              33.72198394504277
            ],
            [
              -118.21058010084224,
              33.72203185211916
            ],
            [
              -118.2104763063351,
              33.722063644162404
            ],
            [
              -118.2104102747661,
              33.722085195453644
            ],
            [
              -118.20974649177458,
              33.72230198994442
            ],
            [
              -118.2094900711588,
              33.72238576402695
            ],
            [
              -118.20947734518211,
              33.722389939738946
            ],
            [
              -118.20947718239606,
              33.72238999302599
            ],
            [
              -118.20885709016342,
              33.72259249053232
            ],
            [
              -118.20830829801722,
              33.722771788004266
            ],
            [
              -118.20815536115515,
              33.72282170005149
            ],
            [
              -118.20815509776305,
              33.722821785679194
            ],
            [
              -118.20801120877509,
              33.722868382122876
            ],
            [
              -118.20692771905549,
              33.723219478865126
            ],
            [
              -118.20685584923838,
              33.72324273582372
            ],
            [
              -118.2068221848489,
              33.72326374832896
            ],
            [
              -118.20682164286163,
              33.72326408442306
            ],
            [
              -118.20681044285767,
              33.72327098442889
            ],
            [
              -118.20679957447287,
              33.7232768731144
            ],
            [
              -118.20678794005718,
              33.723281631319374
            ],
            [
              -118.20676154597035,
              33.723290829260804
            ],
            [
              -118.20656505175023,
              33.72335932726145
            ],
            [
              -118.20656490449406,
              33.72335937848814
            ],
            [
              -118.20654560447903,
              33.72336607849486
            ],
            [
              -118.20653498355257,
              33.72336923291509
            ],
            [
              -118.20652402681172,
              33.7233714444501
            ],
            [
              -118.20651285378227,
              33.723372688974514
            ],
            [
              -118.20650158634962,
              33.72337295291193
            ],
            [
              -118.20647694768027,
              33.723372454154024
            ],
            [
              -118.20635262475737,
              33.723370055643926
            ],
            [
              -118.20627940553469,
              33.723368660993856
            ],
            [
              -118.20586477011446,
              33.72336246495674
            ],
            [
              -118.20554159160635,
              33.7233575939291
            ],
            [
              -118.20498134611084,
              33.723365964734676
            ],
            [
              -118.20473796284436,
              33.723369664485844
            ],
            [
              -118.20473573008994,
              33.723369679120545
            ],
            [
              -118.20373282904073,
              33.72336757914143
            ],
            [
              -118.20352306277965,
              33.723367079470215
            ],
            [
              -118.20313323291364,
              33.723367179435265
            ],
            [
              -118.20248662839487,
              33.72336727945149
            ],
            [
              -118.20178473643539,
              33.723367479465274
            ],
            [
              -118.20090322884346,
              33.72336767948742
            ],
            [
              -118.20090274653084,
              33.72336767869456
            ],
            [
              -118.200134445727,
              33.72336497870936
            ],
            [
              -118.1999995212362,
              33.72336447862401
            ],
            [
              -118.20000017499582,
              33.72324133836152
            ]
          ]
        ]
      }
    },
    {
      "type": "Feature",
      "properties": {
        "zone_id": "noaa-breakwater-san-pedro-breakwater",
        "zone_type": "harbor",
        "authority": "NOAA",
        "source_ref": "NOAA ENC US5LGBCD, SLCONS CATSLC=1 (Breakwater)",
        "name": "San Pedro Breakwater",
        "geometry_note": "Polygon is a 20 m nominal-width buffer around the ENC breakwater centerline -- the source data has no surveyed width (HORWID) for this feature."
      },
      "geometry": {
        "type": "Polygon",
        "coordinates": [
          [
            [
              -118.27500430139507,
              33.706771391786816
            ],
            [
              -118.27505379766502,
              33.706798117395465
            ],
            [
              -118.27505804265701,
              33.70680038139053
            ],
            [
              -118.27494195724202,
              33.706952418583676
            ],
            [
              -118.27493745723955,
              33.70695001858163
            ],
            [
              -118.27493694814457,
              33.70694974538255
            ],
            [
              -118.27444281064454,
              33.706682933045656
            ],
            [
              -118.27439819287154,
              33.70665903066015
            ],
            [
              -118.27389713270125,
              33.706390851898796
            ],
            [
              -118.27386255368114,
              33.70637236311089
            ],
            [
              -118.27346764315163,
              33.70616115741802
            ],
            [
              -118.27346551858406,
              33.706159991448565
            ],
            [
              -118.27339393914174,
              33.70611969201907
            ],
            [
              -118.27334239003575,
              33.70609471849643
            ],
            [
              -118.27333741376448,
              33.706092154705104
            ],
            [
              -118.2732427137141,
              33.7060403546615
            ],
            [
              -118.27324207057065,
              33.70604000012004
            ],
            [
              -118.27323847056878,
              33.70603800011836
            ],
            [
              -118.27323649808663,
              33.70603687781456
            ],
            [
              -118.27322499808119,
              33.706030177809026
            ],
            [
              -118.27322483471471,
              33.70603008244279
            ],
            [
              -118.27318971924561,
              33.706009543199364
            ],
            [
              -118.27239166367579,
              33.70558602801034
            ],
            [
              -118.27238985714419,
              33.70558504699457
            ],
            [
              -118.27223396968898,
              33.705502331177
            ],
            [
              -118.27220344960003,
              33.70548610990003
            ],
            [
              -118.27217760015462,
              33.70548335885267
            ],
            [
              -118.27216252949276,
              33.70548176196172
            ],
            [
              -118.27215302910952,
              33.705480392445274
            ],
            [
              -118.27214371291471,
              33.70547831963646
            ],
            [
              -118.27213465528502,
              33.70547556008373
            ],
            [
              -118.27212592853279,
              33.70547213581818
            ],
            [
              -118.27211760232876,
              33.705468074177766
            ],
            [
              -118.27196480224558,
              33.70538567410819
            ],
            [
              -118.2719565476605,
              33.70538074851069
            ],
            [
              -118.27194888292586,
              33.70537519686841
            ],
            [
              -118.2719418757703,
              33.7053690682379
            ],
            [
              -118.27193558811165,
              33.7053624167742
            ],
            [
              -118.27193505854179,
              33.70536179894199
            ],
            [
              -118.27189298315861,
              33.705314859757415
            ],
            [
              -118.27115957991585,
              33.70492287154946
            ],
            [
              -118.27109560784604,
              33.70490710206442
            ],
            [
              -118.27107083850602,
              33.70490100960599
            ],
            [
              -118.2710563261537,
              33.704896470658646
            ],
            [
              -118.27101092611854,
              33.70487907064312
            ],
            [
              -118.27100372044235,
              33.70487603141674
            ],
            [
              -118.27099680675832,
              33.70487255049795
            ],
            [
              -118.2709140067143,
              33.70482725045983
            ],
            [
              -118.27090196188574,
              33.70481960139434
            ],
            [
              -118.27085366187512,
              33.704784201367104
            ],
            [
              -118.27084532697071,
              33.7047773928233
            ],
            [
              -118.27083791935142,
              33.704769872621284
            ],
            [
              -118.2708216193592,
              33.704751372609756
            ],
            [
              -118.27080827857057,
              33.70473622469199
            ],
            [
              -118.27069327375698,
              33.70467431242452
            ],
            [
              -118.27069252889775,
              33.704673865511815
            ],
            [
              -118.27067740222631,
              33.70466572774302
            ],
            [
              -118.27056174350089,
              33.70460341246927
            ],
            [
              -118.2703156376409,
              33.704489330093644
            ],
            [
              -118.2701875176499,
              33.70443901812479
            ],
            [
              -118.26999926940277,
              33.70436499915673
            ],
            [
              -118.26999862206635,
              33.704364742426606
            ],
            [
              -118.26999846054565,
              33.7043646778183
            ],
            [
              -118.26984063006935,
              33.70430266946108
            ],
            [
              -118.26967699432636,
              33.70424486334956
            ],
            [
              -118.26967689413118,
              33.70424482790466
            ],
            [
              -118.26956461162591,
              33.70420505112634
            ],
            [
              -118.26923033905301,
              33.70411244726828
            ],
            [
              -118.26872063661479,
              33.70400540582503
            ],
            [
              -118.26822185209338,
              33.703934193002546
            ],
            [
              -118.26801054708532,
              33.70392061399466
            ],
            [
              -118.26798086564861,
              33.70391871518293
            ],
            [
              -118.26785837636073,
              33.7039107813681
            ],
            [
              -118.26781676706159,
              33.70392748627613
            ],
            [
              -118.26781111681561,
              33.7039297846819
            ],
            [
              -118.26780141116807,
              33.70393325280241
            ],
            [
              -118.2677913465041,
              33.703935911676474
            ],
            [
              -118.26778101915176,
              33.70393773585621
            ],
            [
              -118.2677705279533,
              33.70393870788254
            ],
            [
              -118.26775997331919,
              33.70393881845225
            ],
            [
              -118.26774945626701,
              33.7039380665071
            ],
            [
              -118.26773085624794,
              33.70393596650539
            ],
            [
              -118.26773045434823,
              33.70393592048646
            ],
            [
              -118.26767705429357,
              33.703929720481376
            ],
            [
              -118.2676720694353,
              33.703929041968316
            ],
            [
              -118.26756883868423,
              33.70391290925486
            ],
            [
              -118.26750342998929,
              33.70391049002877
            ],
            [
              -118.26731370875385,
              33.7039034452062
            ],
            [
              -118.26702555550727,
              33.703911503407255
            ],
            [
              -118.2668562755917,
              33.70392797335976
            ],
            [
              -118.2666332671156,
              33.7039496456379
            ],
            [
              -118.26655926876423,
              33.70397495864318
            ],
            [
              -118.26655088982841,
              33.70397749258189
            ],
            [
              -118.26654228929935,
              33.70397944001915
            ],
            [
              -118.266533525836,
              33.70398078767266
            ],
            [
              -118.26630820722197,
              33.704007451496395
            ],
            [
              -118.26620617074894,
              33.70404176148483
            ],
            [
              -118.26619706760253,
              33.704044433792
            ],
            [
              -118.26618771522352,
              33.70404641573008
            ],
            [
              -118.2660638787395,
              33.70406778398785
            ],
            [
              -118.26606194001545,
              33.70406814301088
            ],
            [
              -118.2660523689783,
              33.70406954092077
            ],
            [
              -118.26604268628535,
              33.704070213535395
            ],
            [
              -118.26603297045571,
              33.704070155400366
            ],
            [
              -118.26601007043183,
              33.70406915539988
            ],
            [
              -118.26600982975205,
              33.70406914466452
            ],
            [
              -118.26597524271658,
              33.70406756954678
            ],
            [
              -118.26592161780893,
              33.704080394522634
            ],
            [
              -118.26558975167116,
              33.70416228747436
            ],
            [
              -118.26557827943591,
              33.70416455711166
            ],
            [
              -118.26556657941086,
              33.70416576707841
            ],
            [
              -118.26548549575324,
              33.70417041295855
            ],
            [
              -118.26540977925796,
              33.70418859488096
            ],
            [
              -118.26357507434604,
              33.704776690006405
            ],
            [
              -118.26044441025309,
              33.70580038038318
            ],
            [
              -118.26044423001349,
              33.70580043916076
            ],
            [
              -118.25735149463593,
              33.70680628583835
            ],
            [
              -118.25423745903636,
              33.707828932066974
            ],
            [
              -118.25423696154589,
              33.70782909424767
            ],
            [
              -118.2522995787865,
              33.70845604493611
            ],
            [
              -118.25229775258822,
              33.708466422108515
            ],
            [
              -118.25229767648587,
              33.70846684750228
            ],
            [
              -118.25229727648856,
              33.70846904750255
            ],
            [
              -118.25229502842316,
              33.70847819403418
            ],
            [
              -118.25229166072693,
              33.70848709725199
            ],
            [
              -118.25228720950632,
              33.708495661699985
            ],
            [
              -118.2522817224849,
              33.70850379555431
            ],
            [
              -118.25227525849152,
              33.70851141160763
            ],
            [
              -118.2522678868299,
              33.70851842820426
            ],
            [
              -118.25225968653523,
              33.70852477011556
            ],
            [
              -118.25224188653148,
              33.70853717012549
            ],
            [
              -118.25223282986964,
              33.708542834158656
            ],
            [
              -118.25222311347544,
              33.70854767466199
            ],
            [
              -118.25221284413264,
              33.708551638438024
            ],
            [
              -118.25220213470196,
              33.70855468192458
            ],
            [
              -118.25219110288076,
              33.70855677167353
            ],
            [
              -118.25217986990948,
              33.70855788471834
            ],
            [
              -118.25216408757979,
              33.70855875082219
            ],
            [
              -118.25216160475809,
              33.708558911004296
            ],
            [
              -118.2521481071054,
              33.708559074007844
            ],
            [
              -118.25213320708984,
              33.70855847400758
            ],
            [
              -118.25213281289795,
              33.70855845753008
            ],
            [
              -118.25212231549,
              33.708558002643485
            ],
            [
              -118.25210789618251,
              33.70856181374076
            ],
            [
              -118.25207953702424,
              33.70857120984911
            ],
            [
              -118.25201929536783,
              33.70859266176064
            ],
            [
              -118.2520167353229,
              33.70859354113583
            ],
            [
              -118.2520031616818,
              33.70859803448013
            ],
            [
              -118.2517788809436,
              33.708676313653385
            ],
            [
              -118.2517675382275,
              33.70867966506049
            ],
            [
              -118.25162203809626,
              33.708715165098674
            ],
            [
              -118.25162158206842,
              33.708715275453564
            ],
            [
              -118.25161908206616,
              33.7087158754542
            ],
            [
              -118.25160933242378,
              33.708717810758245
            ],
            [
              -118.25159941000224,
              33.708718981798256
            ],
            [
              -118.25158940038209,
              33.70871937847407
            ],
            [
              -118.25157938989614,
              33.70871899736433
            ],
            [
              -118.25156946488455,
              33.708717841756105
            ],
            [
              -118.25155971095029,
              33.70871592161649
            ],
            [
              -118.25153831093016,
              33.7087108216119
            ],
            [
              -118.25152723376269,
              33.70870762880769
            ],
            [
              -118.25151663615881,
              33.70870345097747
            ],
            [
              -118.25150664309258,
              33.70869833738901
            ],
            [
              -118.25149737240882,
              33.708692348345174
            ],
            [
              -118.25148407240565,
              33.708682748337736
            ],
            [
              -118.25147977680717,
              33.70867947482322
            ],
            [
              -118.25146597680586,
              33.708668374815005
            ],
            [
              -118.25145947141857,
              33.70866266375469
            ],
            [
              -118.25145358784393,
              33.7086564995832
            ],
            [
              -118.25144837106578,
              33.70864992942986
            ],
            [
              -118.25144037107296,
              33.70863882942378
            ],
            [
              -118.25143686889432,
              33.708633582213416
            ],
            [
              -118.25141696891967,
              33.70860128219757
            ],
            [
              -118.2514119880775,
              33.7085919280341
            ],
            [
              -118.25140830805583,
              33.70858216229829
            ],
            [
              -118.251405976292,
              33.708572110876766
            ],
            [
              -118.25140418507011,
              33.70856106492429
            ],
            [
              -118.25140329391964,
              33.7085556189636
            ],
            [
              -118.25140288284439,
              33.708552769811945
            ],
            [
              -118.25140248284829,
              33.708549569811524
            ],
            [
              -118.25140208285222,
              33.70854636981125
            ],
            [
              -118.25140150529207,
              33.70853798644161
            ],
            [
              -118.25140186328535,
              33.708529594518936
            ],
            [
              -118.25140396331184,
              33.708508294520136
            ],
            [
              -118.25140418290246,
              33.708506330092725
            ],
            [
              -118.25140428290345,
              33.70850553009278
            ],
            [
              -118.25140575685623,
              33.708497371490026
            ],
            [
              -118.25140811689846,
              33.70848935963153
            ],
            [
              -118.25141134327228,
              33.70848156159034
            ],
            [
              -118.25141540896719,
              33.70847404264947
            ],
            [
              -118.25141983088298,
              33.70846677106821
            ],
            [
              -118.25142705329385,
              33.70845479969726
            ],
            [
              -118.25143363699861,
              33.708445357751415
            ],
            [
              -118.25144153892911,
              33.708436650708606
            ],
            [
              -118.25145902759039,
              33.70841962967509
            ],
            [
              -118.2514919655825,
              33.70838524283311
            ],
            [
              -118.2514985450146,
              33.7083789892081
            ],
            [
              -118.2515057866228,
              33.708373269476
            ],
            [
              -118.25151362865661,
              33.70836813240986
            ],
            [
              -118.25152200424571,
              33.70836362181423
            ],
            [
              -118.25153084197017,
              33.70835977615161
            ],
            [
              -118.25156364194649,
              33.70834707616404
            ],
            [
              -118.25157400267214,
              33.7083435966903
            ],
            [
              -118.25158473817353,
              33.70834103070573
            ],
            [
              -118.2515957334874,
              33.70833940568868
            ],
            [
              -118.25163243345018,
              33.70833560569343
            ],
            [
              -118.25163304715387,
              33.70833554364037
            ],
            [
              -118.25164771297945,
              33.70833409635537
            ],
            [
              -118.25165837946429,
              33.70833295351793
            ],
            [
              -118.25166903994483,
              33.70833225775634
            ],
            [
              -118.25167973047718,
              33.70833244725663
            ],
            [
              -118.25169034607289,
              33.70833352015776
            ],
            [
              -118.25170078247928,
              33.70833546592309
            ],
            [
              -118.25174878165112,
              33.70834652746125
            ],
            [
              -118.25175635471706,
              33.70834595436426
            ],
            [
              -118.25179855464584,
              33.708335889010954
            ],
            [
              -118.25229934696416,
              33.70817487052984
            ],
            [
              -118.2530578243596,
              33.707929404794584
            ],
            [
              -118.25309551936827,
              33.70791421928956
            ],
            [
              -118.25312187324205,
              33.70789386748667
            ],
            [
              -118.25312924510345,
              33.70788866540847
            ],
            [
              -118.25313714350587,
              33.70788403448473
            ],
            [
              -118.25314550529784,
              33.707880011741885
            ],
            [
              -118.25315426362278,
              33.70787662934367
            ],
            [
              -118.25325756354175,
              33.70784132937928
            ],
            [
              -118.25326674956958,
              33.70783858836458
            ],
            [
              -118.25327619423625,
              33.70783655184985
            ],
            [
              -118.25328582036246,
              33.70783523647692
            ],
            [
              -118.25334380062364,
              33.707829548225526
            ],
            [
              -118.25335579062597,
              33.707828349226176
            ],
            [
              -118.2535035474408,
              33.70778484523653
            ],
            [
              -118.25361121001671,
              33.707753168168026
            ],
            [
              -118.25393473991618,
              33.707649169333024
            ],
            [
              -118.25453991108229,
              33.70744971071436
            ],
            [
              -118.25701680500394,
              33.70663311289484
            ],
            [
              -118.25701748836347,
              33.70663288983251
            ],
            [
              -118.25952148523483,
              33.70582369101529
            ],
            [
              -118.26011648420062,
              33.70563138835082
            ],
            [
              -118.26038158504525,
              33.705544186772656
            ],
            [
              -118.26319468942958,
              33.70461898553052
            ],
            [
              -118.26319556882588,
              33.70461869999766
            ],
            [
              -118.2637434614844,
              33.70444310238762
            ],
            [
              -118.26507985350042,
              33.70401460503795
            ],
            [
              -118.26508013612589,
              33.70401451479539
            ],
            [
              -118.26537175447125,
              33.70392179176043
            ],
            [
              -118.26538676778719,
              33.70390691411745
            ],
            [
              -118.26539191314856,
              33.70390176876113
            ],
            [
              -118.26539847448616,
              33.703895777758326
            ],
            [
              -118.26540565414528,
              33.703890304465915
            ],
            [
              -118.2654133938863,
              33.703885393281794
            ],
            [
              -118.26545359386954,
              33.703862193301894
            ],
            [
              -118.26546210850665,
              33.703857753442165
            ],
            [
              -118.2654710798814,
              33.703853994012405
            ],
            [
              -118.26548043037577,
              33.70385094753817
            ],
            [
              -118.2655508933382,
              33.703831092318644
            ],
            [
              -118.26567671816375,
              33.70378168166554
            ],
            [
              -118.26568694460433,
              33.703778188106114
            ],
            [
              -118.26569754486859,
              33.70377558689161
            ],
            [
              -118.2657084078196,
              33.70377390529408
            ],
            [
              -118.26571941956635,
              33.70377316094392
            ],
            [
              -118.26577003632215,
              33.70377191335029
            ],
            [
              -118.26578428774836,
              33.70377018590525
            ],
            [
              -118.26589553667245,
              33.703739550803014
            ],
            [
              -118.26590337840796,
              33.70373766296008
            ],
            [
              -118.26591136842916,
              33.70373627587801
            ],
            [
              -118.26598306452854,
              33.7037261764294
            ],
            [
              -118.26602080440351,
              33.70372085787885
            ],
            [
              -118.26605925061459,
              33.70370632982009
            ],
            [
              -118.26607076080364,
              33.70370262692802
            ],
            [
              -118.26608270139698,
              33.70370004611001
            ],
            [
              -118.2661629013189,
              33.70368674612529
            ],
            [
              -118.26617172784105,
              33.70368559746548
            ],
            [
              -118.26618063779827,
              33.70368506299523
            ],
            [
              -118.26618957011651,
              33.70368514637805
            ],
            [
              -118.26630480415345,
              33.703690214768415
            ],
            [
              -118.26637152951808,
              33.70368769827329
            ],
            [
              -118.26643745351095,
              33.703668771963706
            ],
            [
              -118.26652039590833,
              33.70364141655357
            ],
            [
              -118.2665304965458,
              33.70363855872779
            ],
            [
              -118.2665408853787,
              33.703636548209495
            ],
            [
              -118.26675158517112,
              33.703604848246506
            ],
            [
              -118.2667636257104,
              33.7036036158265
            ],
            [
              -118.26677575567055,
              33.703603520833504
            ],
            [
              -118.26696578305132,
              33.70361097100012
            ],
            [
              -118.26704839405032,
              33.70360604360264
            ],
            [
              -118.26707713396084,
              33.703595644292726
            ],
            [
              -118.26708711978648,
              33.70359251117454
            ],
            [
              -118.26715741972491,
              33.70357371119446
            ],
            [
              -118.26717019666924,
              33.70357100095633
            ],
            [
              -118.26718327368948,
              33.703569613210384
            ],
            [
              -118.26735927350735,
              33.70356001322447
            ],
            [
              -118.2673673470234,
              33.70355982604024
            ],
            [
              -118.2673754146724,
              33.7035601441472
            ],
            [
              -118.2674883145551,
              33.70356814414167
            ],
            [
              -118.26749676740731,
              33.703569025156476
            ],
            [
              -118.267505110759,
              33.70357046076702
            ],
            [
              -118.26754058945578,
              33.70357779659119
            ],
            [
              -118.26761121227136,
              33.70357230900396
            ],
            [
              -118.26762080816296,
              33.7035719223951
            ],
            [
              -118.2676304071611,
              33.70357225074069
            ],
            [
              -118.26772260706532,
              33.70357885073612
            ],
            [
              -118.26773345703494,
              33.70358009364012
            ],
            [
              -118.26774410036826,
              33.70358224940694
            ],
            [
              -118.26775442741308,
              33.703585295826926
            ],
            [
              -118.26778019100361,
              33.703594148951986
            ],
            [
              -118.2678147662066,
              33.703605937752016
            ],
            [
              -118.26783816780612,
              33.703610063261415
            ],
            [
              -118.26783832671309,
              33.70361009137983
            ],
            [
              -118.26786422668746,
              33.70361469137578
            ],
            [
              -118.26787574315335,
              33.703617300530105
            ],
            [
              -118.26788684448972,
              33.70362095657995
            ],
            [
              -118.26789925004657,
              33.70362572031322
            ],
            [
              -118.26796490627011,
              33.70365080435933
            ],
            [
              -118.2680559139435,
              33.703664675415396
            ],
            [
              -118.26811637297806,
              33.70367063616591
            ],
            [
              -118.26821370616358,
              33.70368012965146
            ],
            [
              -118.2684378863585,
              33.7037021375042
            ],
            [
              -118.26844577117213,
              33.703703159841744
            ],
            [
              -118.26847487114306,
              33.70370785983765
            ],
            [
              -118.26889599628761,
              33.70377596391013
            ],
            [
              -118.26889617791288,
              33.703775993417175
            ],
            [
              -118.26892987787926,
              33.70378149341236
            ],
            [
              -118.26893827833487,
              33.70378315855449
            ],
            [
              -118.26909517818687,
              33.703819858521406
            ],
            [
              -118.26928330147179,
              33.703863963965425
            ],
            [
              -118.26945266200859,
              33.70390355474191
            ],
            [
              -118.26945577789118,
              33.70390432559563
            ],
            [
              -118.2694714778768,
              33.703908425591926
            ],
            [
              -118.26947477281342,
              33.70390933491056
            ],
            [
              -118.26958097271928,
              33.70394023488261
            ],
            [
              -118.26958428846932,
              33.7039412507812
            ],
            [
              -118.2698988882014,
              33.70404255068982
            ],
            [
              -118.26996997404625,
              33.70406544612915
            ],
            [
              -118.2700041507455,
              33.70407643863418
            ],
            [
              -118.27001279658307,
              33.704079588626705
            ],
            [
              -118.27002364090315,
              33.70408402065257
            ],
            [
              -118.27030600165021,
              33.70419548932202
            ],
            [
              -118.27032142223942,
              33.704201519167036
            ],
            [
              -118.27032194543614,
              33.70420175148839
            ],
            [
              -118.27032194792888,
              33.70420174707363
            ],
            [
              -118.27039014787708,
              33.70422864704971
            ],
            [
              -118.27039471585185,
              33.704230560601744
            ],
            [
              -118.27053571575458,
              33.704293160546904
            ],
            [
              -118.27053741509972,
              33.70429393140182
            ],
            [
              -118.27067251501039,
              33.704356531347365
            ],
            [
              -118.27067768441599,
              33.704359086369614
            ],
            [
              -118.27088768429735,
              33.70446958627579
            ],
            [
              -118.27101015035262,
              33.70453404207637
            ],
            [
              -118.27101049172471,
              33.70453421276237
            ],
            [
              -118.27101258824186,
              33.7045352883328
            ],
            [
              -118.27134228805562,
              33.70470878818551
            ],
            [
              -118.27134563969763,
              33.704710625463036
            ],
            [
              -118.27141923966131,
              33.70475262542807
            ],
            [
              -118.2714198563391,
              33.704753006129216
            ],
            [
              -118.27150584033797,
              33.70480206987584
            ],
            [
              -118.27186975257227,
              33.704995074691126
            ],
            [
              -118.27187149481006,
              33.70499599165811
            ],
            [
              -118.27187173520907,
              33.704996134386285
            ],
            [
              -118.27187249223086,
              33.704996512897075
            ],
            [
              -118.27187492084717,
              33.704997763937115
            ],
            [
              -118.27207984479884,
              33.705106475345346
            ],
            [
              -118.27213272535879,
              33.70509631456076
            ],
            [
              -118.27214382137909,
              33.70509468687702
            ],
            [
              -118.27215505997938,
              33.70509403504612
            ],
            [
              -118.27216631863908,
              33.705094366174166
            ],
            [
              -118.27217747461897,
              33.70509567665128
            ],
            [
              -118.27218840629916,
              33.70509795219094
            ],
            [
              -118.27219899450512,
              33.705101167985724
            ],
            [
              -118.27220912380663,
              33.705105288977805
            ],
            [
              -118.27223933743706,
              33.70511925658771
            ],
            [
              -118.27224695012588,
              33.70512272566041
            ],
            [
              -118.27224795421739,
              33.7051231890244
            ],
            [
              -118.27225852507728,
              33.70512812867753
            ],
            [
              -118.27226399574423,
              33.70513066862949
            ],
            [
              -118.27227419105415,
              33.70513604610905
            ],
            [
              -118.27228360493925,
              33.70514234063335
            ],
            [
              -118.2722921198707,
              33.70514947361773
            ],
            [
              -118.27235721987951,
              33.705210473575576
            ],
            [
              -118.27236445183424,
              33.70521802998337
            ],
            [
              -118.27237067340897,
              33.705226190535164
            ],
            [
              -118.27238147342032,
              33.70524219052678
            ],
            [
              -118.27238164457708,
              33.70524244505387
            ],
            [
              -118.27239949066492,
              33.7052690848254
            ],
            [
              -118.27241350312734,
              33.70528553846668
            ],
            [
              -118.27274257178262,
              33.70546245802982
            ],
            [
              -118.2741295784572,
              33.706208118539315
            ],
            [
              -118.274156618059,
              33.70622011681627
            ],
            [
              -118.27426060113312,
              33.70626607436538
            ],
            [
              -118.2742985281223,
              33.70626728802618
            ],
            [
              -118.27431247975272,
              33.70626849700677
            ],
            [
              -118.27438357968087,
              33.70627859699815
            ],
            [
              -118.2743932498863,
              33.70628035543993
            ],
            [
              -118.27440268664168,
              33.70628284699959
            ],
            [
              -118.27441181055895,
              33.70628605071655
            ],
            [
              -118.27446821051632,
              33.706308450696646
            ],
            [
              -118.27446847986897,
              33.70630855805534
            ],
            [
              -118.27447092661698,
              33.706309536754425
            ],
            [
              -118.27448867332387,
              33.70631661549609
            ],
            [
              -118.27449794144397,
              33.7063207879119
            ],
            [
              -118.27450667895538,
              33.70632569531915
            ],
            [
              -118.27451480268466,
              33.706331291003664
            ],
            [
              -118.27452223530106,
              33.70633752169955
            ],
            [
              -118.27452890605254,
              33.7063443280961
            ],
            [
              -118.27453978190125,
              33.70635660082949
            ],
            [
              -118.27455475772715,
              33.706373473574935
            ],
            [
              -118.27455519367939,
              33.706373968260024
            ],
            [
              -118.27455729368042,
              33.70637636825854
            ],
            [
              -118.27456384131206,
              33.70638480038024
            ],
            [
              -118.2745692253821,
              33.70639378917086
            ],
            [
              -118.27459552542808,
              33.706444589148944
            ],
            [
              -118.27459904181818,
              33.70645249168684
            ],
            [
              -118.27461263817744,
              33.70645996355563
            ],
            [
              -118.27505409453592,
              33.70669857773875
            ],
            [
              -118.27505523025856,
              33.70669920011811
            ],
            [
              -118.27505973025622,
              33.706701700116014
            ],
            [
              -118.27500430139507,
              33.706771391786816
            ]
          ]
        ]
      }
    },
    {
      "type": "Feature",
      "properties": {
        "zone_id": "noaa-breakwater-unnamed-breakwater-2",
        "zone_type": "harbor",
        "authority": "NOAA",
        "source_ref": "NOAA ENC US5LGBCD, SLCONS CATSLC=1 (Breakwater)",
        "name": "Unnamed Breakwater 2",
        "geometry_note": "Polygon is a 20 m nominal-width buffer around the ENC breakwater centerline -- the source data has no surveyed width (HORWID) for this feature."
      },
      "geometry": {
        "type": "Polygon",
        "coordinates": [
          [
            [
              -118.26557240127225,
              33.73537210952317
            ],
            [
              -118.26557231334185,
              33.73537220144027
            ],
            [
              -118.2654036867677,
              33.735259598499105
            ],
            [
              -118.26560438685088,
              33.73504979863261
            ],
            [
              -118.2656049134983,
              33.73504925247358
            ],
            [
              -118.26570201353573,
              33.73494935253782
            ],
            [
              -118.265703543152,
              33.73494781399721
            ],
            [
              -118.2659022580388,
              33.73475238961295
            ],
            [
              -118.26615308442474,
              33.734497173522776
            ],
            [
              -118.26640302166739,
              33.73424285691732
            ],
            [
              -118.26648509006941,
              33.7341533189149
            ],
            [
              -118.26660359040233,
              33.73402140530741
            ],
            [
              -118.26660603901463,
              33.734011363295046
            ],
            [
              -118.26660877900758,
              33.733967927209385
            ],
            [
              -118.26660681969663,
              33.733915303944585
            ],
            [
              -118.26660721794363,
              33.733904270045386
            ],
            [
              -118.26661321801164,
              33.73384957004897
            ],
            [
              -118.26661511834493,
              33.73383908178096
            ],
            [
              -118.26662151837479,
              33.733813881785665
            ],
            [
              -118.26662440337746,
              33.73380485425753
            ],
            [
              -118.26662839094153,
              33.733796124611146
            ],
            [
              -118.26663343825572,
              33.73378778656887
            ],
            [
              -118.26663949113131,
              33.73377992964875
            ],
            [
              -118.26664648458379,
              33.73377263820341
            ],
            [
              -118.26665434353056,
              33.73376599051447
            ],
            [
              -118.26666298359707,
              33.73376005795212
            ],
            [
              -118.26667231202269,
              33.73375490420883
            ],
            [
              -118.26669811200827,
              33.733742204220476
            ],
            [
              -118.26670725957884,
              33.733738181397236
            ],
            [
              -118.26671682581208,
              33.73373490818585
            ],
            [
              -118.26672672295621,
              33.7337324146117
            ],
            [
              -118.26673686022409,
              33.733730723548476
            ],
            [
              -118.26674714462584,
              33.73372985050845
            ],
            [
              -118.26675748182197,
              33.73372980350004
            ],
            [
              -118.26676777698873,
              33.733730582954436
            ],
            [
              -118.26677793568781,
              33.73373218172169
            ],
            [
              -118.26678786473286,
              33.73373458513616
            ],
            [
              -118.26679747304402,
              33.73373777115117
            ],
            [
              -118.26682017302629,
              33.733746371143475
            ],
            [
              -118.26682894085133,
              33.73375010442738
            ],
            [
              -118.26683726525854,
              33.733754489408
            ],
            [
              -118.26684507704783,
              33.73375948963338
            ],
            [
              -118.26685231128037,
              33.73376506353706
            ],
            [
              -118.26685890781852,
              33.73377116478363
            ],
            [
              -118.26687990782419,
              33.73379246476949
            ],
            [
              -118.2668856290185,
              33.733798819059196
            ],
            [
              -118.26689065801831,
              33.7338055697229
            ],
            [
              -118.26690675803532,
              33.73382946971039
            ],
            [
              -118.26691168227114,
              33.73383774508359
            ],
            [
              -118.2669155669243,
              33.733846398081745
            ],
            [
              -118.2669183711951,
              33.733855337824885
            ],
            [
              -118.2669200656307,
              33.73386447042137
            ],
            [
              -118.26692063243458,
              33.73387369995408
            ],
            [
              -118.26692063254443,
              33.733961399951546
            ],
            [
              -118.26691996769554,
              33.73397139383153
            ],
            [
              -118.26691326775767,
              33.734021593835855
            ],
            [
              -118.26691100998421,
              33.73403244325362
            ],
            [
              -118.26690718625703,
              33.73404298184868
            ],
            [
              -118.26687568633051,
              33.73411388187249
            ],
            [
              -118.2668713337803,
              33.73412233058414
            ],
            [
              -118.26684393382132,
              33.73416883060443
            ],
            [
              -118.26683924381413,
              33.7341759592601
            ],
            [
              -118.2668338040088,
              33.73418270579676
            ],
            [
              -118.26669360732015,
              33.73434070224848
            ],
            [
              -118.26657961059448,
              33.734469198706975
            ],
            [
              -118.26657549169784,
              33.73447355455892
            ],
            [
              -118.2664743103673,
              33.73457403680819
            ],
            [
              -118.26646612852463,
              33.73458221865895
            ],
            [
              -118.26646585473426,
              33.73458249135397
            ],
            [
              -118.26627805479445,
              33.73476879147667
            ],
            [
              -118.26626635651976,
              33.73478038978283
            ],
            [
              -118.26618458199209,
              33.73486156457685
            ],
            [
              -118.26597273493374,
              33.735071912216284
            ],
            [
              -118.2657859538442,
              33.735257895279986
            ],
            [
              -118.26563291970407,
              33.73541362313755
            ],
            [
              -118.26557240127225,
              33.73537210952317
            ]
          ]
        ]
      }
    }
  ]
}